Entity/Country	Code	Year	GDP per capita	Population	Homicide Rate	Life Expectancy	Cantril Ladder score
Croatia	HRV	2018	28225.002	4160488		78.3	5.4318
Croatia	HRV	2019	29352.79	4129749		78.7	5.5047
Russia	RUS	2011	24972.078	143364544		70.4	5.284313
Russia	RUS	2012	25933.293	143629360	11.311754		
Russia	RUS	2013	26332.396	143956864	11.137363		
Russia	RUS	2014	26057.156	144285072		71.6	5.716
Russia	RUS	2015	25488.096	144668384		72.1	5.856
Russia	RUS	2016	25490.709	145109152		72.7	5.963
Russia	RUS	2017	25926.443	145452544		73.4	5.8097
Russia	RUS	2018	26656.41	145652288		73.5	5.6479
Russia	RUS	2019	27254.574	145742288		73.9	5.546
Denmark	DNK	2011	51293.207	5576016		79.8	7.85574
Czechia	CZE	2020	38639.98	10530951		78.6	6.9647
Denmark	DNK	2012	51216.31	5600955	0.83914196		
Czechia	CZE	2021	40740.992	10510748		77.7	6.9198
Denmark	DNK	2013	51479.266	5625393	0.853275		
Croatia	HRV	2020	26950.719	4096872		78	5.8817
Denmark	DNK	2014	52048.336	5650654		80.6	7.527
Croatia	HRV	2021	31635.824	4060139		77.6	6.1252
Denmark	DNK	2015	52892.645	5677795		80.7	7.526
Denmark	DNK	2016	54185.008	5706856		80.9	7.522
Denmark	DNK	2017	55356.68	5737286		81.1	7.5553
Denmark	DNK	2018	56178.773	5766689		81	7.6001
Denmark	DNK	2019	56813.965	5795879		81.4	7.6456
Russia	RUS	2020	26583.797	145617328		71.3	5.4772
Russia	RUS	2021	27960.102	145102752		69.4	5.4586
Sierra Leone	SLE	2011	1450.4935	6612390		54.6	3.585802
Sierra Leone	SLE	2012	1627.34	6788594	1.6645583		
Sierra Leone	SLE	2014	1952.6921	7140700		56.4	4.507
Sierra Leone	SLE	2015	1513.562	7314779		57.2	4.635
Sierra Leone	SLE	2016	1566.8431	7493918		58.4	4.709
Sierra Leone	SLE	2017	1593.4835	7677570		58.7	4.5706
Sierra Leone	SLE	2018	1610.1619	7861287		59.8	4.3742
Sierra Leone	SLE	2019	1655.6852	8046830		60.3	3.9264
Bangladesh	BGD	2011	3571.0586	150211008		68.8	4.807098
Bangladesh	BGD	2012	3756.932	152090656	2.7049658		
Bangladesh	BGD	2013	3932.7083	154030144	2.8520393		
Bangladesh	BGD	2014	4119.425	155961312		70	4.694
Bangladesh	BGD	2015	4337.3857	157830000		70.5	4.643
Denmark	DNK	2020	55518.598	5825638		81.5	7.6195
Bangladesh	BGD	2016	4589.0938	159784576		71.1	4.608
Denmark	DNK	2021	57962.652	5854246		81.4	7.6362
Bangladesh	BGD	2017	4830.776	161793968		71.8	4.5004
Bangladesh	BGD	2018	5124.4985	163683952		72.6	4.4558
Bangladesh	BGD	2019	5467.208	165516224		72.8	4.8328
Sierra Leone	SLE	2020	1586.196	8233973		59.8	3.8494
Sierra Leone	SLE	2021	1614.6981	8420642		60.1	3.574
Bangladesh	BGD	2020	5591.374	167420944		72	5.0246
Switzerland	CHE	2011	66587.85	7910988		82.6	7.498953
Bangladesh	BGD	2021	5911.013	169356240		72.4	5.1555
Switzerland	CHE	2012	66661.49	7995738	0.5627998		
Switzerland	CHE	2013	67080.37	8088370	0.7047158		
Switzerland	CHE	2014	67824.086	8187792		83.1	7.587
Switzerland	CHE	2015	68159.22	8281735		82.8	7.509
Switzerland	CHE	2016	68813.64	8372902		83.4	7.494
Switzerland	CHE	2017	69103.57	8451688		83.4	7.4873
Switzerland	CHE	2018	70558.56	8514431		83.6	7.4802
Switzerland	CHE	2019	70857.086	8575593		83.8	7.5599
Switzerland	CHE	2020	68670.24	8638609		83.1	7.5715
United Kingdom	GBR	2011	42389.145	63286360		80.8	6.936396
Switzerland	CHE	2021	71032.84	8691409		84	7.5116
United Kingdom	GBR	2012	42705.15	63808728	0.98262423		
United Kingdom	GBR	2013	43192.08	64302296	0.9377581		
United Kingdom	GBR	2014	44247.03	64773504		81.2	6.867
United Kingdom	GBR	2015	44948.336	65224368		80.9	6.725
United Kingdom	GBR	2016	45574.848	65655204		81.1	6.714
United Kingdom	GBR	2017	46372.387	66064808		81.2	6.8143
United Kingdom	GBR	2018	46878.137	66432996		81.1	7.0537
United Kingdom	GBR	2019	47362.266	66778660		81.7	7.1645
United Kingdom	GBR	2020	41984.105	67059472		80.4	7.0636
United Kingdom	GBR	2021	44978.715	67281040		80.7	6.9425
Malawi	MWI	2011	1383.5809	15146095		57.5	4.623671
Malawi	MWI	2012	1370.3029	15581250	1.7906137		
Malawi	MWI	2014	1440.8076	16477972		60.9	4.292
Malawi	MWI	2015	1440.8423	16938944		61.4	4.156
Malawi	MWI	2016	1437.0417	17405624		62.2	3.97
Malawi	MWI	2017	1454.7775	17881172		63	3.5868
Malawi	MWI	2018	1478.4248	18367886		63.3	3.4098
Laos	LAO	2011	5103.549	6416331		64.7	5.161074
Malawi	MWI	2019	1517.7031	18867340		64.1	3.538
Turkmenistan	TKM	2011	9379.144	5360813		68.6	6.567713
Laos	LAO	2014	6145.497	6691467		66.4	4.876
Turkmenistan	TKM	2012	10233.4	5458688	1.4472358		
Laos	LAO	2015	6499.0728	6787420		66.7	4.876
Turkmenistan	TKM	2013	11071.518	5560099	1.5107657		
Turkmenistan	TKM	2014	11989.653	5663159		68.6	5.548
Laos	LAO	2017	7211.2593	6997925		67.4	4.6231
Turkmenistan	TKM	2015	12540.284	5766427		68.8	5.658
Laos	LAO	2018	7546.3345	7105008		67.6	4.7963
Turkmenistan	TKM	2016	13086.014	5868568		68.8	5.822
Laos	LAO	2019	7840.0713	7212058		68.1	4.8886
Turkmenistan	TKM	2017	13703.513	5968388		68.9	5.6362
Turkmenistan	TKM	2018	14321.14	6065072		68.8	5.2467
Turkmenistan	TKM	2019	14992.604	6158424		69	5.1191
Israel	ISR	2011	35301.82	7459750		81.7	7.198713
Israel	ISR	2012	35552.85	7592099	1.6859617		
Israel	ISR	2013	36436.383	7726675	1.6436564		
Israel	ISR	2014	37144.48	7863849		82.2	7.278
Israel	ISR	2015	37321.016	8007777		82.1	7.267
Seychelles	SYC	2011	23617.03	93842	17.05266		
Israel	ISR	2016	38251.297	8159015		82.5	7.213
Seychelles	SYC	2012	23681.348	95319	4.1968756		
Israel	ISR	2017	39121.297	8309256		82.7	7.19
Seychelles	SYC	2013	24647.078	96730	18.611576		
Hong Kong	HKG	2011	53471.797	7175370		83.2	5.423889
Israel	ISR	2018	39936.77	8456487		82.8	7.1387
Seychelles	SYC	2014	25359.846	98016	16.326365		
Hong Kong	HKG	2012	53783.945	7234062	0.3732344		
Israel	ISR	2019	40810.055	8607922		82.8	7.1286
Seychelles	SYC	2015	26198.72	99260	7.0536075		
Hong Kong	HKG	2013	55229.605	7296820	0.8496845		
Seychelles	SYC	2016	27234.414	100521	11.939289		
Hong Kong	HKG	2014	56358.043	7352180		84.1	5.474
Seychelles	SYC	2017	28116.71	101828	6.875519		
Hong Kong	HKG	2015	57214.69	7399845		84.3	5.458
Seychelles	SYC	2018	28740.55	103120	8.729304		
Malawi	MWI	2020	1489.6014	19377058		63.7	3.6
Hong Kong	HKG	2016	58098.395	7435925		84.5	5.472
Seychelles	SYC	2019	29369.53	104386	9.581068		
Malawi	MWI	2021	1491.1339	19889742		62.9	3.7504
Hong Kong	HKG	2017	59842.215	7461508		84.9	5.4304
Hong Kong	HKG	2018	61055.34	7481563		85.2	5.4304
Hong Kong	HKG	2019	59588.52	7496121		85.3	5.5104
Laos	LAO	2020	7763.9487	7319397		68.5	5.03
Austria	AUT	2011	53179.15	8391201		80.8	7.227316
Laos	LAO	2021	7846.975	7425055		68.1	5.1403
Austria	AUT	2012	53297.445	8429641	0.96089554		
Turkmenistan	TKM	2020		5.0664		68.7	
Austria	AUT	2013	52997.754	8479542	0.7193787		
Turkmenistan	TKM	2021		5.4743		69.3	
Austria	AUT	2014	52932.9	8546066		81.4	7.2
Austria	AUT	2015	52873.86	8642422		81.2	7.119
Austria	AUT	2016	53345.742	8736491		81.6	7.006
Austria	AUT	2017	54172.99	8797497		81.6	7.1394
Austria	AUT	2018	55217.285	8840518		81.7	7.246
Austria	AUT	2019	55806.438	8879939		81.9	7.2942
Tajikistan	TJK	2011	2481.572	7784820		68.1	4.613789
Tajikistan	TJK	2014	2858.2354	8326354		69.1	4.786
Israel	ISR	2020	39351.895	8757487		82.4	7.1571
Tajikistan	TJK	2015	2959.9941	8524066		69.3	4.996
Israel	ISR	2021	42061.242	8900057		82.3	7.3638
Tajikistan	TJK	2016	3091.2273	8725326		69.5	5.041
Tajikistan	TJK	2017	3236.4395	8925529		69.9	5.3525
Seychelles	SYC	2020	26879.77	105545	8.52838		
Tajikistan	TJK	2018	3405.0908	9128131		70.4	5.4673
Seychelles	SYC	2021	28760.516	106486	4.6961365		
Tajikistan	TJK	2019	3575.2798	9337008		70.9	5.5557
Hong Kong	HKG	2020	55888.688	7500955		85.2	5.4767
Hong Kong	HKG	2021	59978.15	7494580	0.30688852		5.4248
Austria	AUT	2020	51988.414	8907780		81.5	7.2678
Austria	AUT	2021	54121.145	8922086		81.6	7.163
Tajikistan	TJK	2020	3651.9421	9543211		68	5.4662
Tajikistan	TJK	2021	3903.32	9750078		71.6	5.3771
United Arab Emirates	ARE	2011	57815.17	8575210		78.5	6.977243
United Arab Emirates	ARE	2012	59949.246	8664976	0.79630977		
United Arab Emirates	ARE	2013	62354.824	8751853	0.6512911		
United Arab Emirates	ARE	2014	64334.09	8835957		79	6.901
United Arab Emirates	ARE	2015	68076.63	8916909		79.2	6.573
Suriname	SUR	2013	19778.307	563952	5.1423273		
United Arab Emirates	ARE	2016	71244.586	8994266		79.3	6.648
Suriname	SUR	2014	19629.223	569687		69.8	6.269
United Arab Emirates	ARE	2017	71182.37	9068297		79.5	6.7741
Suriname	SUR	2015	18768.795	575478		70.8	6.269
United Arab Emirates	ARE	2018	71550.555	9140172		79.6	6.8245
Suriname	SUR	2016	17662.682	581462	7.051301		
United Arab Emirates	ARE	2019	71782.16	9211660		79.7	6.7908
Suriname	SUR	2017	17753.06	587566	6.127039		
Suriname	SUR	2018	18438.346	593729	6.4003825		
Algeria	DZA	2011	11113.969	36543548		74.1	5.367827
Kosovo	OWID_KOS	2011	8040.5938	1799340		77.7	5.420175
Suriname	SUR	2019	18449.2	600305	4.997497		
Algeria	DZA	2012	11270.701	37260568	1.4036288		
Kosovo	OWID_KOS	2012	8105.375	1811418	4.968498		
Algeria	DZA	2013	11360.638	38000628	1.2631371		
Kosovo	OWID_KOS	2013	8486.565	1805676	2.2706196		
Algeria	DZA	2014	11561.26	38760168		75.1	5.605
Kosovo	OWID_KOS	2014	8796.63	1777812		78.9	5.589
Algeria	DZA	2015	11751.634	39543148		75.6	6.355
Kosovo	OWID_KOS	2015	9445.105	1759122		78.9	5.401
Algeria	DZA	2016	11888.323	40339328		75.7	5.872
Kosovo	OWID_KOS	2016	10031.044	1750724		79	5.279
Algeria	DZA	2017	11809.483	41136548		75.7	5.2946
Kosovo	OWID_KOS	2017	10436.169	1731670		78.8	5.6621
Algeria	DZA	2018	11725.878	41927008		76.1	5.2113
Kosovo	OWID_KOS	2018	10755.168	1709966		78.7	6.1
Algeria	DZA	2019	11627.28	42705372		76.5	5.0051
Kosovo	OWID_KOS	2019	11318.462	1686856		79	6.3252
Haiti	HTI	2011	3047.2747	9954318		61.6	3.788652
Haiti	HTI	2012	3015.8586	10108541	10.219083		
Haiti	HTI	2013	3099.4773	10261205	10.125515		
Haiti	HTI	2014	3106.9849	10412741		63	4.518
Haiti	HTI	2015	3141.0469	10563762		63.2	4.028
Brazil	BRA	2011	15271.47	198185296		73.3	6.697499
Haiti	HTI	2016	3153.1763	10713845		63.4	3.603
Haiti	HTI	2017	3187.7898	10863546		63.9	3.582
Brazil	BRA	2012	15425.353	199977712	28.197144		
Brazil	BRA	2013	15751.484	201721776	28.179903		
Haiti	HTI	2018	3197.1414	11012427		64	3.5969
Haiti	HTI	2019	3101.5942	11160441		64.3	3.7208
Brazil	BRA	2014	15695.644	203459648		74.3	6.983
Brazil	BRA	2015	15011.577	205188208		74.3	6.952
United Arab Emirates	ARE	2020	67668.29	9287286		78.9	6.5605
Brazil	BRA	2016	14402.494	206859584		74.4	6.635
United Arab Emirates	ARE	2021	69733.8	9365149		78.7	6.576
Brazil	BRA	2017	14477.861	208504960		74.8	6.4189
Brazil	BRA	2018	14619.591	210166592		75.1	6.2998
Suriname	SUR	2020	15329.179	607068	9.059985		
Brazil	BRA	2019	14685.128	211782880		75.3	6.3756
Suriname	SUR	2021	14766.748	612989	5.7097692		
Algeria	DZA	2020	10844.7705	43451668		74.5	4.8871
Kosovo	OWID_KOS	2020	10706.514	1670702		76.6	6.372
Algeria	DZA	2021	11039.806	44177964		76.4	5.1223
Kosovo	OWID_KOS	2021	11884.18	1662022		76.8	6.4551
Liberia	LBR	2011	1475.8392	4181148		59.6	4.039651
Liberia	LBR	2012	1538.4072	4331749	3.1165302		
Haiti	HTI	2020	2959.0894	11306804		64.1	3.6149
Liberia	LBR	2014	1613.8655	4519410		59.1	4.571
Haiti	HTI	2021	2870.145	11447575	13.007129		
Liberia	LBR	2015	1581.055	4612330		59.1	3.622
United States	USA	2011	54960.906	313876608		78.8	7.270243
Liberia	LBR	2016	1525.458	4706106		60.4	3.533
United States	USA	2012	55803.51	316651328	4.6915956		
Liberia	LBR	2017	1533.4113	4796632		60.6	3.4954
United States	USA	2013	56438.945	319375168	4.483442		
Liberia	LBR	2018	1521.7335	4889396		60.9	3.9753
Brazil	BRA	2020	14021.958	213196304		74	6.3301
United States	USA	2014	57308.32	322033952		79	7.119
Liberia	LBR	2019	1455.6377	4985290		61.1	4.5579
United States	USA	2015	58427.55	324607776		78.9	7.104
Brazil	BRA	2021	14592.353	214326224		72.8	6.2928
United States	USA	2016	58972.902	327210208		78.8	6.993
United States	USA	2017	59914.777	329791232		78.8	6.886
United States	USA	2018	61355.65	332140032		79	6.8923
United States	USA	2019	62478.254	334319680		79.1	6.9396
Somaliland	OWID_SML	2011		4.690952			
Somaliland	OWID_SML	2014		5.057			
Somaliland	OWID_SML	2015		5.057			
Comoros	COM	2011	3084.8267	670081		61.5	3.700023
Liberia	LBR	2020	1383.8281	5087591		60.9	4.6252
Liberia	LBR	2021	1423.2296	5193422		60.7	5.1215
Comoros	COM	2014	3183.157	714617		62.5	3.956
Comoros	COM	2015	3150.8777	730221		62.9	3.956
United States	USA	2020	60167.855	335942016		77.4	6.9515
United States	USA	2021	63669.71	336997632		77.2	6.9768
Comoros	COM	2018	3294.832	776322		63.9	3.9728
Comoros	COM	2019	3290.6506	790993		64.1	4.2886
Montserrat	MSR	2012			20.100502		
Montserrat	MSR	2017			0		
Montserrat	MSR	2018			0		
Comoros	COM	2020	3222.374	806168		64.2	4.2886
Comoros	COM	2021	3228.5269	821632		63.4	4.6086
Singapore	SGP	2011	81258.086	5281351		82	6.549302
Singapore	SGP	2012	82805.62	5381003	0.2044228		
Singapore	SGP	2013	85400.73	5478063	0.31032914		
Singapore	SGP	2014	87616.64	5570505		82.7	6.798
Singapore	SGP	2015	89160.73	5650020		82.8	6.739
Singapore	SGP	2016	91146.09	5711936		83	6.572
Singapore	SGP	2017	95310.336	5764489		83.2	6.3432
Singapore	SGP	2018	98336.95	5814543		83.5	6.262
Singapore	SGP	2019	98283.31	5866408		83.8	6.3771
Panama	PAN	2011	23461.873	3688679		76.6	6.862561
Panama	PAN	2012	25302.08	3754871	16.964672		
Panama	PAN	2013	26576.863	3821557	17.348953		
Panama	PAN	2014	27440.566	3888795		77.2	6.786
Panama	PAN	2015	28512.926	3957102		77.5	6.701
Panama	PAN	2016	29410.635	4026338		77.7	6.452
Panama	PAN	2017	30526.379	4096071		77.8	6.43
Panama	PAN	2018	31125.625	4165258		77.9	6.3213
Panama	PAN	2019	31543.605	4232538		77.8	6.3048
Singapore	SGP	2020	94505.63	5909874		82.9	6.3765
Singapore	SGP	2021	106032.23	5941063		82.8	6.4802
Cameroon	CMR	2011	3314.8982	20448880		57.1	4.375735
Cameroon	CMR	2012	3371.9756	21032684	4.1839643		
Cameroon	CMR	2014	3530.2832	22299590		58.9	4.252
Panama	PAN	2020	25510.273	4294391		76.7	6.1796
Cameroon	CMR	2015	3614.7556	23012650		59.7	4.513
Panama	PAN	2021	29037.945	4351264		76.2	6.3091
Cameroon	CMR	2016	3667.3228	23711626		60.2	4.695
Cameroon	CMR	2017	3691.0947	24393182		60.8	4.9753
Cameroon	CMR	2018	3732.5012	25076752		61.2	5.0437
Cameroon	CMR	2019	3756.5095	25782342		61.6	5.0849
Cameroon	CMR	2020	3665.5105	26491090		60.8	5.1418
Cameroon	CMR	2021	3700.4644	27198632		60.3	5.0476
Paraguay	PRY	2011	11613.169	5843938		72.1	5.398257
Paraguay	PRY	2012	11376.407	5923327	10.95669		
Paraguay	PRY	2013	12150.972	6005656	10.057193		
Paraguay	PRY	2014	12616.414	6090727		72.9	5.878
Paraguay	PRY	2015	12806.097	6177954		73.2	5.538
Paraguay	PRY	2016	13163.74	6266623		73.5	5.493
Paraguay	PRY	2017	13604.175	6355406		73.6	5.6806
Paraguay	PRY	2018	13848.499	6443337		73.6	5.7427
Paraguay	PRY	2019	13609.723	6530029		73.6	5.6921
Paraguay	PRY	2020	13317.321	6618700		73.2	5.6526
Paraguay	PRY	2021	13687.655	6703802		70.3	5.5783
Serbia	SRB	2011	14926.494	7620925		74.8	4.564279
Serbia	SRB	2012	14896.884	7591357	1.4490178		
Serbia	SRB	2013	15402.562	7566674	1.8370023		
Serbia	SRB	2014	15229.067	7543965		75.7	5.123
Serbia	SRB	2015	15581.014	7519501		75.8	5.177
Serbia	SRB	2016	16185.742	7493288		76.3	5.395
Indonesia	IDN	2011	8610.529	247099696		68.8	5.158751
Serbia	SRB	2017	16614.014	7464882		76.2	5.3982
Serbia	SRB	2018	17455.945	7433825		76.5	5.603
Serbia	SRB	2019	18310.08	7401056		76.7	5.7782
Indonesia	IDN	2014	9759.025	256229760		69.5	5.399
Indonesia	IDN	2015	10121.841	259091968		69.7	5.314
Indonesia	IDN	2016	10519.295	261850176		69.8	5.262
Indonesia	IDN	2017	10941.921	264498848		69.9	5.0926
Indonesia	IDN	2018	11397.432	267066848		70.3	5.1924
Indonesia	IDN	2019	11857.789	269582880		70.5	5.2856
Serbia	SRB	2020	18265.967	7358010		75.4	6.0779
Serbia	SRB	2021	19831.297	7296771		74.2	6.178
Indonesia	IDN	2020	11515.74	271857984		68.8	5.3445
Indonesia	IDN	2021	11858.146	273753184		67.6	5.2396
Australia	AUS	2011	45405.367	22357032		82.1	7.344625
Australia	AUS	2012	46360.605	22729272	1.0691061		
Australia	AUS	2013	46744.625	23111788	1.0600654		
Australia	AUS	2014	47240.273	23469578		82.6	7.284
Australia	AUS	2015	47567.68	23820240		82.7	7.313
Australia	AUS	2016	48109.203	24195706		82.9	7.284
Australia	AUS	2017	48400.246	24590336		83	7.2721
Australia	AUS	2018	49052.816	24979228		83.4	7.228
Australia	AUS	2019	49379.094	25357168		83.1	7.2228
Fiji	FJI	2011	10254.358	908359	2.2017837		
Fiji	FJI	2012	10368.216	911067	2.1952474		
Fiji	FJI	2013	10830.61	913467	2.0800195		
Fiji	FJI	2014	11411.184	915576	2.1844554		
Hungary	HUN	2011	25005.287	9953247		74.9	4.942787
Hungary	HUN	2012	24820.516	9922133	1.249732		
Australia	AUS	2020	48747.85	25670052		84.3	7.1835
Hungary	HUN	2013	25337.588	9894637	1.5563983		
Australia	AUS	2021	49774.34	25921094		84.5	7.1621
Hungary	HUN	2014	26481.166	9867906		75.8	4.8
Hungary	HUN	2015	27528.307	9844250		75.7	5.145
Hungary	HUN	2016	28217.354	9815106		76.2	5.324
Hungary	HUN	2017	29501.121	9788940		76	5.62
Hungary	HUN	2018	31122.502	9776361		76.2	5.7583
Hungary	HUN	2019	32649.143	9771799		76.5	6.0004
Nigeria	NGA	2011	4975.638	165463744		51.4	4.855947
Nigeria	NGA	2014	5424.9243	179379024		51.8	5.268
Nigeria	NGA	2015	5429.0996	183995776		51.8	4.875
Nigeria	NGA	2016	5209.074	188666928		52	5.074
Nigeria	NGA	2017	5120.0054	193495904		52.3	5.1554
Nigeria	NGA	2018	5089.778	198387616		52.6	5.2646
Egypt	EGY	2011	9762.974	89200056		69.9	4.8534
Egypt	EGY	2012	9757.137	91240384	2.4188852		
Nigeria	NGA	2019	5076.368	203304496		52.9	4.7241
Egypt	EGY	2014	9793.955	95592328		70.4	4.194
Egypt	EGY	2015	9999.19	97723792		70.5	4.362
Egypt	EGY	2016	10218.394	99784032		70.8	4.735
Egypt	EGY	2017	10435.917	101789384		71.3	4.4192
Egypt	EGY	2018	10783.762	103740768		71.4	4.1655
Egypt	EGY	2019	11180.697	105618672		71.4	4.1514
Fiji	FJI	2020	10966.925	920430	2.1729164		
Hungary	HUN	2020	31231.596	9750571		75.7	5.9916
Hungary	HUN	2021	33593.152	9709784		74.5	6.0859
Nigeria	NGA	2020	4865.087	208327408		52.9	4.7593
Nigeria	NGA	2021	4922.6323	213401328		52.7	4.552
Egypt	EGY	2020	11380.847	107465128		71	4.2827
Egypt	EGY	2021	11566.05	109262184		70.2	4.2877
Namibia	NAM	2011	9431.044	2132343		56.6	4.885587
Namibia	NAM	2012	9747.819	2167474	17.901054		
Namibia	NAM	2015	10813.227	2282709		60.7	4.574
Namibia	NAM	2016	10627.635	2323351		61.7	4.574
Namibia	NAM	2017	10335.268	2364540		62.3	4.4413
Namibia	NAM	2018	10266.171	2405682		62.6	4.6392
Namibia	NAM	2019	10009.578	2446648		63.1	4.5711
Jamaica	JAM	2011	9823.773	2746169		73.1	6.207882
Jamaica	JAM	2012	9715.208	2759819	39.930183		
Jamaica	JAM	2013	9718.625	2773134	43.34454		
Jamaica	JAM	2014	9745.554	2784542		73	5.709
Jamaica	JAM	2015	9800.507	2794455		72.4	5.51
Jamaica	JAM	2016	9906.04	2802699		72	5.311
Jamaica	JAM	2017	9984.577	2808388		71.9	5.8898
Jamaica	JAM	2018	10160.764	2811842		71.8	5.8898
Jamaica	JAM	2019	10244.366	2813776		71.8	5.8898
Namibia	NAM	2020	9048.184	2489099		62.8	4.5741
Namibia	NAM	2021	9137.797	2530150		59.3	4.4594
Puerto Rico	PRI	2011	33224.574	3691615		78.3	6.592634
Puerto Rico	PRI	2012	33638.875	3657989	27.747494		
Puerto Rico	PRI	2013	33922.168	3615028	25.56004		
Puerto Rico	PRI	2014	34070.26	3560008	19.775223		
Puerto Rico	PRI	2015	34311.04	3497335		79.7	7.039
Puerto Rico	PRI	2016	34539.594	3432745	20.508396		
Palestine	PSE	2011	5782.6895	4087747		73.2	4.55501
Puerto Rico	PRI	2017	34363.754	3366407	21.625423		
Palestine	PSE	2012	5985.683	4184161	0.69308996		
Puerto Rico	PRI	2018	34223.1	3319269	20.004404		
Palestine	PSE	2013	6118.2573	4281800	0.5605127		
Puerto Rico	PRI	2019	34792.656	3292888	19.223255		
Jamaica	JAM	2020	9198.148	2820438		71.9	6.3092
Palestine	PSE	2014	5967.073	4380473		72.6	4.715
Albania	ALB	2011	11054.788	2900660		78.1	5.133704
Jamaica	JAM	2021	9596.564	2827701		70.5	5.8496
Palestine	PSE	2015	6048.9766	4484615		74.4	4.754
Albania	ALB	2012	11229.992	2892191	5.4284067		
Palestine	PSE	2016	6438.9336	4593855		74.6	4.775
Albania	ALB	2013	11363.318	2887019	4.2950954		
Palestine	PSE	2017	6401.7407	4700954		74.8	4.7433
Mauritania	MRT	2011	4825.088	3524250		63.3	4.64289
Albania	ALB	2014	11588.925	2884100		78.4	4.959
Palestine	PSE	2018	6318.21	4805549		74.8	4.6963
Albania	ALB	2015	11880.598	2882482		78.6	4.655
Palestine	PSE	2019	6245.4487	4909775		75.2	4.5528
Albania	ALB	2016	12294.077	2881064		78.9	4.644
Mauritania	MRT	2014	5020.1367	3843181		64.2	4.436
Albania	ALB	2017	12773.269	2879361		79	4.586
Mauritania	MRT	2015	5151.9	3946225		64.5	4.201
Albania	ALB	2018	13319.495	2877019		79.2	4.7186
Rwanda	RWA	2011	1544.4098	10576932		63.3	4.203909
Mauritania	MRT	2016	5080.809	4051896		64.8	4.292
Albania	ALB	2019	13655.665	2873883		79.3	4.8827
Mauritania	MRT	2017	5259.065	4160018		65.1	4.3555
Rwanda	RWA	2012	1637.1008	10840331	2.3615508		
Mauritania	MRT	2018	5367.2163	4270717		65.3	4.4903
Rwanda	RWA	2013	1674.0609	11101352	3.2338412		
Mauritania	MRT	2019	5505.6465	4383853		65.7	4.3746
Rwanda	RWA	2014	1735.5454	11368450		64.9	3.465
Rwanda	RWA	2015	1844.7169	11642963		65.3	3.515
Rwanda	RWA	2016	1907.6816	11930902		65.7	3.471
Rwanda	RWA	2017	1934.9729	12230343		65.9	3.4081
Rwanda	RWA	2018	2050.441	12531810		66.3	3.3338
Rwanda	RWA	2019	2191.4016	12835029		66.4	3.3123
Puerto Rico	PRI	2020	32387.16	3271570	16.994926		
Palestine	PSE	2020	5402.5386	5019407		74.4	4.5167
Palestine	PSE	2021	5643.0723	5133393		73.5	4.4825
Venezuela	VEN	2011		6.922258		72.9	
Venezuela	VEN	2012			54.53603		
Albania	ALB	2020	13256.125	2866850		77	5.1174
Venezuela	VEN	2014		6.81		72.9	
Albania	ALB	2021	14518.906	2854710		76.5	5.1988
Venezuela	VEN	2015		6.084		73	
Venezuela	VEN	2016		5.25		72.1	
Mauritania	MRT	2020	5314.8496	4498605		64.5	4.2274
Venezuela	VEN	2017		4.8056		71.9	
Mauritania	MRT	2021	5307.522	4614981		64.4	4.1526
Venezuela	VEN	2018		4.7066		72	
Venezuela	VEN	2019		5.0532		72.2	
Syria	SYR	2011		4.735339		73.3	
Bhutan	BTN	2011	8499.3545	713338	4.485999		
Syria	SYR	2014		3.006		63.2	
Bhutan	BTN	2012	8837.576	721154	4.576053		
Rwanda	RWA	2020	2067.6416	13146367		66.8	3.4147
Syria	SYR	2015		3.069		65.1	
Rwanda	RWA	2021	2238.9573	13461891		66.1	3.2682
Bhutan	BTN	2013	8929.046	728898	3.2926848		
Syria	SYR	2016		3.462		66	
Bhutan	BTN	2014	9349.044	736362		70	5.253
Syria	SYR	2017		3.4619		68.5	
Bhutan	BTN	2015	9877.247	743284		70.3	5.196
Syria	SYR	2018		3.4619		70.1	
Bhutan	BTN	2016	10587.57	749764		70.6	5.011
Bhutan	BTN	2017	10986.888	756130		70.8	5.0821
Bhutan	BTN	2018	11233.78	762104		71.1	5.0821
Bhutan	BTN	2019	11797.284	767467	1.042401		
Saint Lucia	LCA	2011	15133.397	172157	26.72158		
Saint Lucia	LCA	2012	15017.746	173139	22.527206		
Saint Lucia	LCA	2013	14469.648	173992	18.967861		
Saint Lucia	LCA	2014	14605.221	174814	19.45041		
Venezuela	VEN	2020		4.8922		71.1	
Saint Lucia	LCA	2015	14339.109	175638	15.943242		
Venezuela	VEN	2021		4.9255		70.6	
Saint Lucia	LCA	2016	14810.637	176429	17.0055		
Saint Lucia	LCA	2017	15247.459	177175	27.658068		
Saint Lucia	LCA	2018	15622.778	177894	20.799604		
Philippines	PHL	2011	5995.431	96337912		70.8	4.825137
Saint Lucia	LCA	2019	15460.801	178594	25.758259		
Philippines	PHL	2012	6298.16	98032320	8.654289		
Philippines	PHL	2014	6917.749	101325208		71.2	5.073
Northern Cyprus	OWID_CYN	2014		5.695			
Philippines	PHL	2015	7235.0815	103031360		71.3	5.279
Northern Cyprus	OWID_CYN	2015		5.771			
Bhutan	BTN	2020	10547.052	772512	2.4595277		
Philippines	PHL	2016	7616.05	104875272		71.4	5.43
Northern Cyprus	OWID_CYN	2016		5.81			
Philippines	PHL	2017	8001.7563	106738496		71.5	5.5241
Northern Cyprus	OWID_CYN	2017		5.8348			
Philippines	PHL	2018	8365.732	108568832		71.7	5.6314
Northern Cyprus	OWID_CYN	2018		5.7177			
Philippines	PHL	2019	8731.861	110380800		71.9	6.006
Northern Cyprus	OWID_CYN	2019		5.5355			
Saint Lucia	LCA	2020	11651.167	179245	29.011948		
Saint Lucia	LCA	2021	13045.955	179663	38.96433		
Philippines	PHL	2020	7773.2603	112190984		72.1	5.8802
Northern Cyprus	OWID_CYN	2020		5.5355			
Philippines	PHL	2021	8094.693	113880336		69.3	5.9036
Northern Cyprus	OWID_CYN	2021		5.4666			
France	FRA	2011	42862.414	62775272		81.8	6.746459
France	FRA	2012	42789.05	63071412	1.2430353		
France	FRA	2013	42813.934	63335180	1.2268063		
France	FRA	2014	43021.395	63588496		82.5	6.575
France	FRA	2015	43345.785	63809768		82.2	6.478
France	FRA	2016	43705.15	63989320		82.4	6.442
Spain	ESP	2011	36863.492	46729232		82.2	6.761248
France	FRA	2017	44577.066	64144092		82.5	6.4893
Spain	ESP	2012	35749.51	46756084	0.77850837		
France	FRA	2018	45245.96	64277812		82.6	6.5921
Spain	ESP	2013	35363.51	46603460	0.64802057		
France	FRA	2019	45922.793	64399760		82.7	6.6638
Spain	ESP	2014	35964.46	46464548		82.9	6.329
Spain	ESP	2015	37373.95	46431344		82.6	6.361
Spain	ESP	2016	38476.79	46473320		83	6.403
Spain	ESP	2017	39528.926	46584168		83	6.3099
Spain	ESP	2018	40255.254	46792044		83.1	6.3541
Spain	ESP	2019	40760.31	47131372		83.5	6.4009
France	FRA	2020	42233.14	64480052		82.2	6.6899
France	FRA	2021	44993.125	64531448		82.5	6.6867
Spain	ESP	2020	35967.89	47363808		82.3	6.4907
Spain	ESP	2021	37913.074	47486932		83	6.4763
Yemen	YEM	2011		4.453632		67.4	
Yemen	YEM	2012			6.1624374		
Yemen	YEM	2013			6.3111467		
Yemen	YEM	2014		4.077		67.4	
Yemen	YEM	2015		3.724		65.9	
Yemen	YEM	2016		3.593		66.1	
Palau	PLW	2015	18402.53	17822	16.859615		
Yemen	YEM	2017		3.3549		66	
Palau	PLW	2016	18364.48	17840	0		
Yemen	YEM	2018		3.3798		64.6	
Palau	PLW	2017	17594.69	17857	0		
San Marino	SMR	2011	63458.816	32518	0		
Yemen	YEM	2019		3.5274		65.1	
Palau	PLW	2018	17587.088	17887	11.195388		
Yemen	YEM	2020		3.6579		64.7	
Yemen	YEM	2021		4.1969		63.8	
Canada	CAN	2011	45822.598	34323536		81.5	7.499089
Canada	CAN	2012	46126.516	34691876	1.582503		
Argentina	ARG	2011	24647.629	41520736		76.1	6.242357
Canada	CAN	2013	46704.76	35063696	1.4516441		
Argentina	ARG	2012	24118.867	41952364	6.3119206		
Canada	CAN	2014	47564.61	35404616		81.9	7.427
Argentina	ARG	2013	24424.137	42388268	7.247288		
Canada	CAN	2015	47522.14	35732120		81.9	7.404
Argentina	ARG	2014	23550.1	42824064		76.8	6.574
Canada	CAN	2016	47457.586	36113532		82	7.316
Argentina	ARG	2015	23933.887	43257064		76.8	6.65
Trinidad and Tobago	TTO	2011	27062.385	1420021		73.3	6.262625
Canada	CAN	2017	48317.176	36554344		82	7.3285
Argentina	ARG	2016	23189.527	43668236		76.3	6.599
Trinidad and Tobago	TTO	2012	28642.336	1430379	26.566431		
Canada	CAN	2018	48962.48	37035260		82.1	7.2781
Argentina	ARG	2017	23597.117	44054616		76.8	6.388
Trinidad and Tobago	TTO	2013	29529.576	1440731	28.249578		
Canada	CAN	2019	49171.51	37522584		82.4	7.2321
Argentina	ARG	2018	22747.242	44413592		77	6.0863
Trinidad and Tobago	TTO	2014	30301.936	1450663		74.2	6.168
Argentina	ARG	2019	22071.748	44745516		77.3	5.9747
Trinidad and Tobago	TTO	2015	29876.98	1460180		74.5	6.168
Trinidad and Tobago	TTO	2016	27682.445	1469334		74.3	6.168
Trinidad and Tobago	TTO	2017	26213.924	1478616		74.2	6.1919
Trinidad and Tobago	TTO	2018	25534.84	1504707		73.8	6.1919
Trinidad and Tobago	TTO	2019	25306.617	1519960		74.2	6.1919
China	CHN	2011	9680.098	1357095424		75.9	4.679718
Canada	CAN	2020	46064.254	37888704		82	7.1033
China	CHN	2012	10370.727	1366560768	0.82586884		
Canada	CAN	2021	47892.945	38155012		82.7	7.0251
Argentina	ARG	2020	19685.217	45036032		75.9	5.9293
China	CHN	2013	11101.938	1376100352	0.77319944		
Argentina	ARG	2021	21527.195	45276788		75.4	5.967
China	CHN	2014	11851.404	1385189632		76.7	5.14
China	CHN	2015	12612.352	1393715456		77	5.245
China	CHN	2016	13399.138	1401889664		77.2	5.273
Trinidad and Tobago	TTO	2020	23391.316	1518142	26.28204		
China	CHN	2017	14243.532	1410275968		77.2	5.2458
Trinidad and Tobago	TTO	2021	23037.143	1525671	29.364283		
China	CHN	2018	15133.996	1417069440		77.7	5.1909
China	CHN	2019	15977.764	1421864064		78	5.1239
Morocco	MAR	2011	6064.432	32903708		71.3	4.793151
Morocco	MAR	2012	6160.9985	33352166	1.1483511		
Morocco	MAR	2013	6352.433	33803528	1.2690983		
Morocco	MAR	2014	7462.153	34248608		72.5	5.013
Morocco	MAR	2015	7687.691	34680456		72.9	5.151
Morocco	MAR	2016	7632.1855	35107272		73.3	5.235
Morocco	MAR	2017	7921.619	35528116		73.7	5.2537
Morocco	MAR	2018	8072.0864	35927516		74	5.2081
Morocco	MAR	2019	8217.599	36304408		74.3	5.0948
Estonia	EST	2011	27990.137	1327435		76.5	5.329978
China	CHN	2020	16296.779	1424929792		78.1	5.3391
Estonia	EST	2012	28997.322	1322682	4.7630496		
Estonia	EST	2013	29525.12	1317985	3.9454272		
China	CHN	2021	17602.695	1425893504		78.2	5.5853
Estonia	EST	2014	30494.096	1314531		77.1	5.429
Estonia	EST	2015	31038.805	1314658		77.7	5.517
Estonia	EST	2016	32008.934	1315928		77.8	5.611
Estonia	EST	2017	33821.934	1317550		78	5.7392
Estonia	EST	2018	34979.867	1322146		78.1	5.8935
Estonia	EST	2019	36153.434	1327039		78.7	6.0218
Myanmar	MMR	2011	3018.4617	49794528		63.9	5.321977
Myanmar	MMR	2012	3187.115	50218196	2.8595219		
Myanmar	MMR	2013	3409.649	50648336	2.4443054		
Myanmar	MMR	2014	3658.5935	51072436		65.1	4.307
Myanmar	MMR	2015	3748.2942	51483956		65.6	4.395
Myanmar	MMR	2016	4109.5576	51892352		65.7	4.545
Myanmar	MMR	2017	4312.9473	52288344		65.8	4.3078
Morocco	MAR	2020	7545.995	36688768		73.9	4.918
Myanmar	MMR	2018	4556.2812	52666016		66.5	4.3604
Morocco	MAR	2021	8058.397	37076588		74	5.0599
Myanmar	MMR	2019	4829.5366	53040212		66.6	4.308
Estonia	EST	2020	35883.266	1329449		78.3	6.1888
Estonia	EST	2021	38717.695	1328704		77.1	6.3408
Myanmar	MMR	2020	4947.0938	53423200		66.8	4.4258
Myanmar	MMR	2021	4032.6257	53798088		65.7	4.3942
Sudan	SDN	2011	5047.334	34419628		63.2	4.424363
Sudan	SDN	2014	4776.62	37003248		64.3	4.55
Sudan	SDN	2015	4718.919	38171172		64.7	4.139
Sudan	SDN	2016	4733.0176	39377168		64.8	4.139
Sudan	SDN	2017	4613.95	40679820		65.4	4.1387
Cyprus	CYP	2011	37593.93	1145090		80	6.416459
Cambodia	KHM	2011	2856.5308	14573894		68.4	4.100715
Cyprus	CYP	2012	35749.05	1156556	1.9021984		
Cyprus	CYP	2013	33471.805	1166972	1.0283054		
Cambodia	KHM	2014	3378.3645	15210817		69.7	3.819
Cyprus	CYP	2014	33241.19	1176997		80.8	5.689
Cambodia	KHM	2015	3565.245	15417527		69.9	3.907
Cyprus	CYP	2015	34573.973	1187286		81	5.546
Cyprus	CYP	2016	36678.098	1197889		81.1	5.621
Cambodia	KHM	2016	3761.9114	15624586		70.2	4.168
Cyprus	CYP	2017	38421.97	1208527		81.3	5.7625
Cambodia	KHM	2017	3972.724	15830694		70.5	4.4326
Cyprus	CYP	2018	40099.836	1218834		81.4	6.0458
Cambodia	KHM	2018	4217.6216	16025242		70.6	4.6998
Cyprus	CYP	2019	41746.918	1228840		81.4	6.159
Cambodia	KHM	2019	4464.2944	16207746		70.7	4.8484
Turks and Caicos Islands	TCA	2013	23624.287	33620	11.906711		
Turks and Caicos Islands	TCA	2014	24661.145	35014	5.716736		
Ecuador	ECU	2011	10988.722	15237734		75.7	5.424841
Ecuador	ECU	2012	11424.152	15483884	12.412907		
Taiwan	TWN	2011		5.987677		79	
Ecuador	ECU	2013	11806.924	15722988	10.971196		
Cyprus	CYP	2020	39471.582	1237540		81.4	6.2235
Cambodia	KHM	2020	4276.1846	16396864		70.4	4.8304
Cambodia	KHM	2021	4354.5654	16589031		69.6	4.6403
Cyprus	CYP	2021	41701.703	1244193		81.2	6.2209
Ecuador	ECU	2014	12073.811	15957995		76.6	5.975
Ecuador	ECU	2015	11908.216	16195904		76.8	5.976
Taiwan	TWN	2014		6.298		79.6	
Ecuador	ECU	2016	11587.825	16439588		76.8	6.008
Taiwan	TWN	2015		6.379		79.9	
Ecuador	ECU	2017	11679.431	16696947		77	5.9732
Taiwan	TWN	2016		6.422		79.8	
Ecuador	ECU	2018	11608.419	17015672		77.1	6.0276
Taiwan	TWN	2017		6.4406		80.1	
Ecuador	ECU	2019	11390.217	17343742		77.3	5.9252
Taiwan	TWN	2018		6.4462		80.5	
Taiwan	TWN	2019		6.4554		80.7	
Micronesia (country)	FSM	2019	3540.7825	111392	0.89783937		
Iran	IRN	2011	15302.202	76342968		73.7	5.149403
Uruguay	URY	2011	20275.441	3361631		77	5.898252
Iran	IRN	2013	14113.458	78458928	2.596263		
Uruguay	URY	2012	20933.69	3371134	7.920187		
Iran	IRN	2014	14538.521	79961672		74.8	4.686
Uruguay	URY	2013	21839.408	3381187	7.689622		
Uruguay	URY	2014	22477.06	3391660		77.4	6.485
Iran	IRN	2015	14010.858	81790848		75.1	4.813
Ecuador	ECU	2020	10356.975	17588596		72.2	5.764
Uruguay	URY	2015	22486.428	3402820		77.5	6.545
Iran	IRN	2016	14968.595	83306232		75.6	4.692
Ecuador	ECU	2021	10668.758	17797736		73.7	5.5333
Uruguay	URY	2016	22793.07	3413768		77.6	6.454
Taiwan	TWN	2020		6.5844		80.9	
Iran	IRN	2017	15163.292	84505080		76	4.7066
Uruguay	URY	2017	23106.998	3422205		77.6	6.3788
Taiwan	TWN	2021		6.5125		81	
Iran	IRN	2018	14628.946	85617560		76.2	4.548
Uruguay	URY	2018	23184.625	3427044		77.6	6.2933
Iran	IRN	2019	14084.354	86564208		76.1	4.6724
Uruguay	URY	2019	23256.598	3428412		77.5	6.4401
Iran	IRN	2020	14432.362	87290192		74.8	4.7212
Uruguay	URY	2020	21828.64	3429087		78.4	6.4314
Iran	IRN	2021	15004.6875	87923432		73.9	4.8879
Uruguay	URY	2021	22800.69	3426265		75.4	6.4736
Honduras	HND	2011	4874.8735	8622510		71.4	5.564011
Slovakia	SVK	2011	26210.758	5402686		76	5.656836
Honduras	HND	2012	4978.074	8792370	81.570755		
Slovakia	SVK	2012	26511.27	5409283	1.3865052		
Honduras	HND	2013	5020.937	8960654	71.769295		
Slovakia	SVK	2013	26650.363	5414744	1.4405127		
Honduras	HND	2014	5079.7036	9127851		72.3	4.788
Slovakia	SVK	2014	27342.627	5419572		76.8	5.995
Honduras	HND	2015	5180.1865	9294510		72.5	4.871
Slovakia	SVK	2015	28728.156	5424449		76.6	6.078
Honduras	HND	2016	5287.253	9460798		72.6	5.181
Slovakia	SVK	2016	29248.885	5431205		77.2	6.098
Honduras	HND	2017	5447.6987	9626845		72.7	5.504
Slovakia	SVK	2017	30061.55	5439418		77.2	6.1734
Honduras	HND	2018	5561.2627	9792854		72.8	5.8604
Slovakia	SVK	2018	31229.863	5446746		77.3	6.1976
Honduras	HND	2019	5613.6606	9958832		72.9	5.9532
Slovakia	SVK	2019	31973.46	5453932		77.7	6.2806
Guinea	GIN	2011	1912.8179	10527711		57	4.170938
Guinea	GIN	2014	2028.5148	11333362		57.9	3.656
Guinea	GIN	2015	2053.1116	11626003		58.1	3.607
Guinea	GIN	2016	2217.1094	11930991		58.8	3.507
Guinea	GIN	2017	2383.5789	12240791		59.1	3.9641
Guinea	GIN	2018	2471.719	12554871		59.3	4.5344
Guinea	GIN	2019	2545.1401	12877537		59.7	4.9493
Eritrea	ERI	2012			14.572975		
Honduras	HND	2020	5028.145	10121762		71.5	5.9192
Slovakia	SVK	2020	30867.973	5456681		77	6.3309
Honduras	HND	2021	5572.177	10278346		70.1	6.0221
Slovakia	SVK	2021	31866.025	5447621		74.9	6.3907
Sao Tome and Principe	STP	2011	3398.276	186058	3.225035		
Guinea	GIN	2020	2604.1172	13205157		59.3	4.9843
Guinea	GIN	2021	2640.3442	13531909		58.9	4.8905
Guam	GUM	2011			2.4147444		
Guam	GUM	2019			4.151248		
Guinea-Bissau	GNB	2016	1811.301	1834554	3.4885912		
Guinea-Bissau	GNB	2017	1872.3093	1879835	1.1171243		
Moldova	MDA	2011	9050.126	3595135		69.2	5.3054
Moldova	MDA	2012	8997.934	3507197	6.529443		
Moldova	MDA	2013	9814.323	3416532	6.7027063		
Moldova	MDA	2014	10311.288	3338338		69	5.889
Moldova	MDA	2015	10355.539	3277390		69.2	5.897
Moldova	MDA	2016	10938.585	3225125		69.9	5.838
Moldova	MDA	2017	11651.187	3180515		70.5	5.6397
Moldova	MDA	2018	12367.764	3141839		70.5	5.5285
Moldova	MDA	2019	13030.183	3109496		70.9	5.6075
New Zealand	NZL	2011	38137.492	4381274		80.9	7.372486
New Zealand	NZL	2012	38780.605	4410285	0.92964524		
New Zealand	NZL	2013	39521.074	4450641	1.0335582		
New Zealand	NZL	2014	40353.105	4514198		81.8	7.286
New Zealand	NZL	2015	41020.312	4590591		82	7.334
New Zealand	NZL	2016	41620.348	4668088		82.1	7.314
New Zealand	NZL	2017	42218.54	4746253		82.2	7.3238
New Zealand	NZL	2018	42862.07	4838528		82.4	7.3075
New Zealand	NZL	2019	43110.37	4959033		82.6	7.2996
Moldova	MDA	2020	12201.778	3084848		70.2	5.7664
Moldova	MDA	2021	14009.226	3061509		68.8	5.8568
New Zealand	NZL	2020	41642.027	5061130		82.7	7.2766
New Zealand	NZL	2021	42915.453	5129730		82.5	7.1998
Netherlands	NLD	2011	52594.23	16701470		81.1	7.512336
Netherlands	NLD	2012	51860.055	16785296	0.86385113		
Netherlands	NLD	2013	51640.08	16867352	0.7410766		
Netherlands	NLD	2014	52186.996	16954080		81.6	7.378
Netherlands	NLD	2015	52974.117	17041110		81.5	7.339
Netherlands	NLD	2016	53847.83	17124512		81.5	7.377
Netherlands	NLD	2017	55088.633	17207204		81.7	7.4413
Netherlands	NLD	2018	56060.914	17286042		81.8	7.4876
Japan	JPN	2011	38149.617	128007256		82.7	6.059098
Netherlands	NLD	2019	56784.04	17363260		82	7.4489
Japan	JPN	2012	38735.895	127853688	0.3355398		
Japan	JPN	2013	39569.637	127678920	0.2897894		
Japan	JPN	2014	39739.543	127476728		83.7	5.987
Japan	JPN	2015	40402.582	127250936		83.9	5.921
Japan	JPN	2016	40727.97	126993856		84.1	5.92
Japan	JPN	2017	41444.215	126662464		84.2	5.915
Japan	JPN	2018	41739.203	126255872		84.3	5.8861
Japan	JPN	2019	41697.41	125791680		84.4	5.8708
Cook Islands	COK	2012			3.489514		
Netherlands	NLD	2020	54275.004	17434562		81.6	7.464
Netherlands	NLD	2021	56617.35	17501696		81.7	7.4149
Poland	POL	2011	24874.172	38620848		76.7	5.803043
Poland	POL	2012	25258.594	38625872	1.0588757		
Poland	POL	2013	25490.328	38607352	0.79000497		
Poland	POL	2014	26488.201	38581880		77.6	5.791
Nicaragua	NIC	2011	4805.4023	5942554		72.4	5.114866
Poland	POL	2015	27667.69	38553148		77.4	5.835
Nicaragua	NIC	2012	5042.803	6030605	11.159739		
Poland	POL	2016	28497.104	38532108		77.8	5.973
Nicaragua	NIC	2013	5214.529	6119377	9.706867		
Poland	POL	2017	29958.121	38532816		77.7	6.123
Japan	JPN	2020	39935.465	125244760		84.7	5.9405
Nicaragua	NIC	2014	5385.4985	6208680		72.8	5.828
Poland	POL	2018	31739.258	38521464		77.6	6.1817
Japan	JPN	2021	40784.383	124612528		84.8	6.0389
Nicaragua	NIC	2015	5563.004	6298610		73	5.992
Poland	POL	2019	33159.75	38493600		77.9	6.1863
Nicaragua	NIC	2016	5734.355	6389237		73.3	6.071
Nicaragua	NIC	2017	5915.3755	6480534		73.6	6.141
American Samoa	ASM	2011			9.206408		
Nicaragua	NIC	2018	5636.6396	6572234		73.8	6.105
American Samoa	ASM	2012			3.7249844		
Nicaragua	NIC	2019	5348.9873	6663919		74.1	6.1371
American Samoa	ASM	2013			5.6609116		
American Samoa	ASM	2014			5.7453103		
American Samoa	ASM	2015			7.786949		
American Samoa	ASM	2016			0		
American Samoa	ASM	2017			14.151993		
American Samoa	ASM	2018			26.846191		
American Samoa	ASM	2019			0		
Cuba	CUB	2011		5.417868		77.8	
Cuba	CUB	2012			5.4910607		
Cuba	CUB	2013			5.953233		
Cuba	CUB	2014			5.2947283		
Cuba	CUB	2015			5.458605		
Cuba	CUB	2016			5.043197		
Cuba	CUB	2017			4.5517077		
Cuba	CUB	2018			4.334299		
Cuba	CUB	2019			4.4182506		
Poland	POL	2020	32546.826	38428368		76.9	6.1661
Poland	POL	2021	34915.523	38307724		76.5	6.1228
Nicaragua	NIC	2020	5181.727	6755900		71.8	5.9721
Nicaragua	NIC	2021	5638.748	6850546		73.8	6.1646
Guatemala	GTM	2011	7503.675	14833458		71.2	6.276682
Guatemala	GTM	2012	7590.7554	15128307	34.075195		
Guatemala	GTM	2013	7734.1177	15422663	33.42484		
Guatemala	GTM	2014	7939.3745	15713744		72	6.123
Guatemala	GTM	2015	8125.656	16001105		72.1	6.324
Guatemala	GTM	2016	8206.048	16291004		72.4	6.454
Guatemala	GTM	2017	8322.217	16578718		72.6	6.3819
Guatemala	GTM	2018	8469.115	16850176		72.7	6.4362
Guatemala	GTM	2019	8671.703	17106338		73.1	6.3989
Guatemala	GTM	2020	8390.223	17362716		71.8	6.4345
Guatemala	GTM	2021	8926.7	17608484		69.2	6.2622
Vietnam	VNM	2011	6658.667	88349104		73.7	5.425293
Vietnam	VNM	2014	7641.909	91235504		73.9	5.36
Vietnam	VNM	2015	8091.0903	92191400		73.9	5.061
Vietnam	VNM	2016	8545.702	93126528		73.9	5.074
Vietnam	VNM	2017	9050.688	94033048		74	5.1032
Vietnam	VNM	2018	9636.013	94914328		74	5.1753
Vietnam	VNM	2019	10252.005	95776712		74.1	5.3535
Guyana	GUY	2011	10394.143	744235		67	5.992826
Guyana	GUY	2012	10946.455	743970	18.68365		
Guyana	GUY	2013	11293.949	747424	20.737991		
Guyana	GUY	2014	11427.873	751126	19.837175		
Guyana	GUY	2015	11446.764	755043	19.73429		
Guyana	GUY	2016	11819.155	759097	18.706684		
Vietnam	VNM	2020	10450.622	96648680		75.4	5.4108
Guyana	GUY	2017	12193.622	763265	15.067107		
Vietnam	VNM	2021	10628.219	97468024		73.6	5.485
Guyana	GUY	2018	12374.22	785518	14.130875		
Guyana	GUY	2019	12820.489	798761	17.02654		
Bolivia	BOL	2011	6724.301	10396249		66.5	5.633493
Bolivia	BOL	2014	7581.5986	10916991		67.2	5.89
Bolivia	BOL	2015	7825.7666	11090090		67.3	5.822
Bolivia	BOL	2016	8034.173	11263016		67.6	5.823
Bolivia	BOL	2017	8244.934	11435535		67.7	5.7519
Bolivia	BOL	2018	8466.293	11606906		67.7	5.7793
Bolivia	BOL	2019	8528.749	11777318		67.8	5.7475
Guyana	GUY	2020	18430.57	797207	19.69388		
Guyana	GUY	2021	21925.188	804571	16.28205		
Cote d'Ivoire	CIV	2011	3404.5247	21562916		55.5	4.197182
Cote d'Ivoire	CIV	2014	4162.0244	22995554		57.2	3.655
Sweden	SWE	2011	48947.438	9467384		81.8	7.379463
Cote d'Ivoire	CIV	2015	4347.778	23596738		57.8	3.916
Sweden	SWE	2012	48300.844	9555984	0.71159583		
Cote d'Ivoire	CIV	2016	4541.195	24213620		58.1	4.18
Sweden	SWE	2013	48462.16	9648935	0.9016542		
Cote d'Ivoire	CIV	2017	4750.9365	24848024		58.5	4.6712
Sweden	SWE	2014	49258.996	9747507		82.2	7.364
Cote d'Ivoire	CIV	2018	4949.6147	25493990		58.8	4.9438
Sweden	SWE	2015	50928.965	9849344		82.2	7.291
Cote d'Ivoire	CIV	2019	5126.6343	26147544		59.3	5.2333
Sweden	SWE	2016	51334.434	9953322		82.3	7.284
Sweden	SWE	2017	51947.953	10058191		82.4	7.3145
Sweden	SWE	2018	52349.293	10162300		82.5	7.3433
Bolivia	BOL	2020	7679.933	11936169		64.5	5.7159
Sweden	SWE	2019	52850.57	10267922		83.1	7.3535
Bolivia	BOL	2021	8052.1772	12079474		63.6	5.6003
Kiribati	KIR	2011	1819.6566	109887	10.011786		
Kiribati	KIR	2012	1883.1735	111630	7.167335		
Cote d'Ivoire	CIV	2020	5098.56	26811792		59	5.306
Cote d'Ivoire	CIV	2021	5325.0303	27478250		58.6	5.2346
Sweden	SWE	2020	51331.28	10368968		82.4	7.3627
Sweden	SWE	2021	53613.42	10467095		83	7.3843
Lebanon	LBN	2011	19216.969	5045061		78.4	5.049216
Lebanon	LBN	2012	19202.547	5178338	3.746376		
Lebanon	LBN	2013	18180.367	5678859	4.15577		
Uganda	UGA	2011	1996.0656	33295738		58	4.313321
Lebanon	LBN	2014	16863.637	6274345		79	4.839
Uganda	UGA	2012	2013.5464	34273296	11.863464		
Lebanon	LBN	2015	16611.72	6398941		79.2	5.129
Uganda	UGA	2013	2026.6228	35273568	10.934532		
Lebanon	LBN	2016	17248.19	6258628		79.5	5.225
Uganda	UGA	2014	2067.7954	36336544		60.4	3.931
Uganda	UGA	2015	2108.8604	37477356		61.1	3.739
Lebanon	LBN	2017	17808.076	6109255		79.7	5.1989
Lebanon	LBN	2018	17970.94	5950842		79.7	5.1973
Uganda	UGA	2016	2137.2073	38748308		61.6	4.081
Greece	GRC	2011	30318.404	11004730		80.5	6.132965
Lebanon	LBN	2019	17172.197	5781912		79.2	4.7715
Uganda	UGA	2017	2128.397	40127096		62.1	4.1608
Greece	GRC	2012	28322.572	10963633	1.5140965		
Uganda	UGA	2018	2186.9072	41515400		62.7	4.1894
Greece	GRC	2013	27810.912	10914501	1.4018042		
Uganda	UGA	2019	2250.015	42949076		63	4.432
Greece	GRC	2014	28129.96	10862972		81	4.857
Greece	GRC	2015	28260.387	10806644		80.7	5.033
Greece	GRC	2016	28239.92	10749742		81.2	5.227
Greece	GRC	2017	28604.861	10692230		80.9	5.3579
Greece	GRC	2018	29141.174	10633275		81.4	5.2867
Greece	GRC	2019	29721.586	10574026		81.2	5.515
Qatar	QAT	2011	111879.75	1804175		78.9	6.569056
Qatar	QAT	2012	110931.51	1905670	0.3673268		
Qatar	QAT	2013	109625.63	2035509	0.4421517		
Qatar	QAT	2014	106141.33	2214471		79.8	6.611
Qatar	QAT	2015	101971.99	2414580		80.1	6.375
Qatar	QAT	2016	97783.12	2595175		80.4	6.375
Qatar	QAT	2017	92177.59	2711764		80.7	6.3745
Qatar	QAT	2018	91461.62	2766743		80.9	6.3745
Qatar	QAT	2019	90840.43	2807242	0.39184463		
Lebanon	LBN	2020	13780.958	5662924		77.8	4.5838
Lebanon	LBN	2021	12977.202	5592626		75	2.9553
Uganda	UGA	2020	2240.4902	44404608		62.9	4.6365
Uganda	UGA	2021	2246.414	45853780		62.7	4.6026
Greece	GRC	2020	27103.541	10512232		80.9	5.7226
Greece	GRC	2021	29548.04	10445368		80.1	5.9482
Qatar	QAT	2020	89019.07	2760390	0.43472198		
Qatar	QAT	2021	92862.35	2688239	0.33479217		
Kenya	KEN	2011	3824.1975	42635148		61	4.180273
Kenya	KEN	2012	3899.167	43725808	5.429288		
Kenya	KEN	2014	4055.1133	45831860		61.8	4.419
Kenya	KEN	2015	4163.925	46851496		61.9	4.356
Slovenia	SVN	2011	33568.066	2065457		80	5.922324
Kenya	KEN	2016	4244.8574	47894668		62.2	4.553
Slovenia	SVN	2012	32613.49	2069365	0.67653966		
Kenya	KEN	2017	4312.9087	48948140		62.5	4.4097
Slovenia	SVN	2013	32234.025	2072374	0.5790459		
Kenya	KEN	2018	4464.813	49953300		62.7	4.5086
Slovenia	SVN	2014	33093.75	2074923		80.9	5.848
Kenya	KEN	2019	4601.2114	50951452		62.9	4.583
Slovenia	SVN	2015	33799.727	2080865		80.8	5.768
Slovenia	SVN	2016	34853.043	2090020		81.2	5.758
Slovenia	SVN	2017	36507.555	2098396		81.1	5.9476
Latvia	LVA	2011	22117.406	2076974		73.7	4.76201
Latvia	LVA	2012	23970.453	2053635	3.4085884		
Slovenia	SVN	2018	37995.715	2105931		81.4	6.1177
Latvia	LVA	2013	24715.066	2031491	2.461252		
Slovenia	SVN	2019	39034.234	2112905		81.6	6.3634
Latvia	LVA	2014	25423.488	2011040		74.4	5.098
Latvia	LVA	2015	26628.355	1991951		74.7	5.56
Latvia	LVA	2016	27509.336	1973477		74.8	5.85
Latvia	LVA	2017	28673.562	1954861		74.8	5.9331
Latvia	LVA	2018	30051.402	1935632		75	5.9397
Latvia	LVA	2019	31038.68	1916552		75.5	5.95
Vanuatu	VUT	2019	3070.3508	304414	0.6570205		
Kenya	KEN	2020	4498.383	51985780		62.7	4.6066
Kenya	KEN	2021	4743.4863	53005616		61.4	4.543
Slovenia	SVN	2020	37098.12	2117648		80.4	6.4607
Slovenia	SVN	2021	40036.484	2119408		80.7	6.6301
Macao	MAC	2011	135365.39	571014	0.7005217		
Belgium	BEL	2011	48154.87	10955742		80.4	7.113178
Macao	MAC	2012	144891.34	582776	0.6863813		
Macao	MAC	2013	157602.48	593382	0.16852792		
Macao	MAC	2014	151616.4	604163	0.16551715		
Belgium	BEL	2014	48748.62	11176727		81.1	6.937
Latvia	LVA	2020	30568.502	1897057		75.5	6.032
Macao	MAC	2015	116855.53	615243	0.16253845		
Belgium	BEL	2015	49456.4	11248306		80.9	6.929
Latvia	LVA	2021	32081.455	1873926		73.6	6.1804
Macao	MAC	2016	113941.67	626694	0.1595689		
Vanuatu	VUT	2020	2836.8135	311694	0.32083675		
Belgium	BEL	2016	49829.926	11316837		81.3	6.891
Macao	MAC	2017	122977.51	638612	0.31318069		
Belgium	BEL	2017	50442.27	11384491		81.4	6.9269
Macao	MAC	2018	128437.32	650996	0.30722392		
Belgium	BEL	2018	51113.48	11448598		81.5	6.923
Macao	MAC	2019	122822.125	663660	0.30136254		
Belgium	BEL	2019	51977.184	11510569		81.8	6.8635
Eswatini	SWZ	2011	7347.2046	1105379	15.560379		
Eswatini	SWZ	2012	7701.394	1111453	9.357197		
Eswatini	SWZ	2013	7949.588	1118329	9.120832		
Belize	BLZ	2011	8776.863	329546		72.7	6.450644
Eswatini	SWZ	2014	7969.2075	1125872		53	4.867
Belize	BLZ	2012	8912.105	337067	43.019176		
Eswatini	SWZ	2015	8088.7344	1133941	9.877101		
Belize	BLZ	2013	9109.572	344695	28.721668		
Eswatini	SWZ	2016	8113.2397	1142529	10.15296		
Belize	BLZ	2014	9276.317	352343	34.909958		
Eswatini	SWZ	2017	8213.921	1151397	11.290696		
Eswatini	SWZ	2018	8342.998	1160430		59.4	4.2116
Belize	BLZ	2015	9387.914	359884		73.2	5.956
Eswatini	SWZ	2019	8501.267	1169620		60.5	4.3081
Belize	BLZ	2016	9208.114	367327		73.4	5.956
Belize	BLZ	2017	8873.754	374702		73.6	5.9556
Belize	BLZ	2018	8798.538	382076	37.42809		
Belize	BLZ	2019	9028.552	389103	34.43889		
Macao	MAC	2020	55158.71	676287	0.2957342		
Belgium	BEL	2020	48978.934	11561716		80.8	6.834
Belgium	BEL	2021	51739.54	11611416		81.9	6.805
Macao	MAC	2021	64796.996	686616	0.43693116		
Eswatini	SWZ	2020	8290.409	1180663		59.7	4.3081
Eswatini	SWZ	2021	8856.829	1192273		57.1	4.3961
Belize	BLZ	2020	7703.118	394931	25.827984		
Belize	BLZ	2021	8762.623	400037	31.247578		
Chile	CHL	2011	22323.723	17173568		79.1	6.12797
Chile	CHL	2012	23467.979	17341770	2.5026278		
Chile	CHL	2013	24011.592	17509926	3.175342		
Chile	CHL	2014	24197.184	17687108		79.5	6.67
Chile	CHL	2015	24464.746	17870122		79.7	6.705
Chile	CHL	2016	24599.375	18083880		80.1	6.652
Chile	CHL	2017	24546.912	18368582		80.4	6.4762
Chile	CHL	2018	25071.99	18701452		80.1	6.444
Chile	CHL	2019	24816.611	19039484		80.3	6.2285
Mauritius	MUS	2011	17988.684	1286239		74.2	5.477073
Mauritius	MUS	2012	18566.03	1288753	2.1726573		
Mauritius	MUS	2013	19147.676	1290698	2.7117248		
Mauritius	MUS	2014	19844.488	1292112		74.9	5.477
Mauritius	MUS	2015	20549.629	1293159		75	5.648
Mauritius	MUS	2016	21328.688	1293909		75	5.629
Dominican Republic	DOM	2011	12905.289	9903743		72.2	5.036006
Mauritius	MUS	2017	22148.625	1294743		74.9	5.8915
Dominican Republic	DOM	2012	13087.949	10030885	22.610174		
Mauritius	MUS	2018	23023.5	1295386		74.9	5.8882
Dominican Republic	DOM	2013	13555.512	10157054	19.474157		
Mauritius	MUS	2019	23681.58	1296284		75.1	6.1013
Dominican Republic	DOM	2014	14334.733	10282116		72.9	4.885
Dominican Republic	DOM	2015	15145.47	10405832		73	5.155
Dominican Republic	DOM	2016	15967.202	10527589		73	5.23
Dominican Republic	DOM	2017	16524.533	10647247		73.1	5.3018
Dominican Republic	DOM	2018	17484.121	10765532		73.2	5.4253
Dominican Republic	DOM	2019	18171.06	10881886		73.6	5.6892
Chile	CHL	2020	23017.69	19300318		79.4	6.1719
Chile	CHL	2021	25449.13	19493184		78.9	6.1718
Italy	ITA	2011	42892.305	60025952		82.2	6.578179
Italy	ITA	2012	41501.71	60190152	0.8805428		
Mauritius	MUS	2020	20224.223	1297830		74.3	6.049
Italy	ITA	2013	40268.113	60312600	0.8323302		
Mauritius	MUS	2021	20967.947	1298922		73.6	6.0711
Italy	ITA	2014	39898.527	60322792		82.9	5.948
Italy	ITA	2015	40247.83	60232908		82.5	5.977
Italy	ITA	2016	40837.74	60118628		83	5.964
Italy	ITA	2017	41581.12	60004024		82.7	6.0004
Dominican Republic	DOM	2020	16768.426	10999668		72.9	5.5451
Italy	ITA	2018	42045.92	59877432		83.2	6.2234
Dominican Republic	DOM	2021	18626.078	11117873		72.6	5.7372
Italy	ITA	2019	42739.05	59727936		83.6	6.3874
Tuvalu	TUV	2011	3512.0325	10719	9.345358		
Tuvalu	TUV	2012	3388.5388	10876	18.425537		
Tuvalu	TUV	2019	4816.553	10983	0		
Bermuda	BMU	2011	85829.375	63554	12.591882		
Bermuda	BMU	2012	80982.37	63581	9.439825		
Bermuda	BMU	2013	80503.65	63527	7.873272		
Bermuda	BMU	2014	77361.1	63375	6.3136296		
Italy	ITA	2020	39065.28	59500576		82.4	6.4831
Bermuda	BMU	2015	77842.75	63165	6.334727		
Italy	ITA	2021	41929.43	59240336		82.9	6.4667
Bermuda	BMU	2016	78149.35	63090	12.684721		
Bermuda	BMU	2017	81834.95	63295	7.902015		
Bermuda	BMU	2019	81681.73	63833	0		
Burkina Faso	BFA	2011	1720.0825	16602652		57.1	3.926028
Burkina Faso	BFA	2014	1846.6451	18169844		58.4	3.587
Burkina Faso	BFA	2015	1862.8547	18718022		58.8	3.739
Bermuda	BMU	2020	76117.805	64051	10.93229		
Burkina Faso	BFA	2016	1916.7563	19275504		59.3	4.032
Bermuda	BMU	2021	80271.13	64213	10.905975		
Burkina Faso	BFA	2017	1978.155	19835860		59.5	4.4244
Antigua and Barbuda	ATG	2012	18526.39	87688	11.40589		
Burkina Faso	BFA	2018	2051.2185	20392730		60	4.5868
Burkina Faso	BFA	2019	2110.0623	20951638		60	4.7687
Antigua and Barbuda	ATG	2017	20777.875	91133	21.94932		
Antigua and Barbuda	ATG	2018	22085.262	91644	13.09679		
Antigua and Barbuda	ATG	2019	23035.658	92127	3.2567456		
India	IND	2011	4374.2324	1257621248		67.4	4.974501
India	IND	2012	4551.8623	1274487168	3.7252629		
India	IND	2013	4780.12	1291132032	3.5533159		
Saint Kitts and Nevis	KNA	2011	24876.697	47605	71.456345		
India	IND	2014	5071.047	1307246464		69.1	4.565
Saint Kitts and Nevis	KNA	2012	24672.4	47754	37.7145		
India	IND	2015	5411.8755	1322866560		69.6	4.404
India	IND	2016	5789.678	1338636288		70.1	4.315
India	IND	2017	6112.0664	1354195712		70.5	4.1898
India	IND	2018	6436.1533	1369003264		70.7	4.0152
Saint Kitts and Nevis	KNA	2016	29329.479	47814	62.777924		
India	IND	2019	6608.624	1383112064		70.9	3.5733
Saint Kitts and Nevis	KNA	2017	29333.393	47811	48.131756		
Saint Kitts and Nevis	KNA	2018	29950.494	47787	48.156445		
Saint Kitts and Nevis	KNA	2019	31194.736	47739	25.151169		
Burkina Faso	BFA	2020	2093.7336	21522632		59.7	4.8338
Burkina Faso	BFA	2021	2179.789	22100690		59.3	4.6705
Antigua and Barbuda	ATG	2020	18275.69	92672	9.71251		
Antigua and Barbuda	ATG	2021	19124.43	93229	17.163792		
Tonga	TON	2011	5332.404	107625	1.8585547		
Tonga	TON	2012	5381.746	107517	0.93021524		
Tonga	TON	2018	6287.882	105167	9.510179		
India	IND	2020	6114.0317	1396387072		70.1	3.8189
Tonga	TON	2019	6344.3115	104965	0.95283014		
India	IND	2021	6592.042	1407563904		67.2	3.7771
Saint Kitts and Nevis	KNA	2020	26700.668	47666	20.989662		
Mexico	MEX	2011	18432.37	114150480		74.4	6.740288
Saint Kitts and Nevis	KNA	2021	26485.816	47631	29.40775		
Mexico	MEX	2012	18838.783	115755912	22.432549		
Mexico	MEX	2013	18844.031	117290680	19.663113		
Mexico	MEX	2014	19141.92	118755888		74.8	7.187
Mexico	MEX	2015	19542.89	120149896		74.7	6.778
Mexico	MEX	2016	19830.963	121519224		74.4	6.578
Mexico	MEX	2017	20032.408	122839256		74.1	6.4882
Mexico	MEX	2018	20278.217	124013864		74	6.5945
Mexico	MEX	2019	20064.5	125085312		74.2	6.465
Mali	MLI	2011	2017.1442	16039734		56.8	3.966874
Mali	MLI	2014	2002.3729	17551824		57.9	3.995
Mali	MLI	2015	2060.0986	18112910		58.4	4.073
Mexico	MEX	2020	18327.99	125998296		70.1	6.3168
Mali	MLI	2016	2112.187	18700108		58.7	4.19
Mexico	MEX	2021	19086.105	126705136		70.2	6.1276
Mali	MLI	2017	2153.8457	19311356		59.1	4.447
Mali	MLI	2018	2185.5757	19934304		59.4	4.3904
Mali	MLI	2019	2219.0466	20567430		59.7	4.7293
Malaysia	MYS	2011	20900.322	29184140		74.7	5.823207
Malaysia	MYS	2012	21690.457	29660216	2.0296552		
Malaysia	MYS	2013	22350.908	30134806	2.0806503		
Malaysia	MYS	2014	23328.344	30606454		75.1	5.77
Guadeloupe	GLP	2011			6.6973753		
Malaysia	MYS	2015	24151.26	31068834		75.1	6.005
Mali	MLI	2020	2123.8281	21224042		58.6	4.7235
Guadeloupe	GLP	2012			7.692613		
Malaysia	MYS	2016	24859.799	31526414		75.3	6.084
Mali	MLI	2021	2120.6233	21904990		58.9	4.479
Guadeloupe	GLP	2013			8.698958		
Malaysia	MYS	2017	25935.143	31975812		75.5	6.3221
Guadeloupe	GLP	2014			5.2389064		
Malaysia	MYS	2018	26835.81	32399270		75.6	5.3388
Guadeloupe	GLP	2015			9.772268		
Malaysia	MYS	2019	27674.402	32804024		75.8	5.3843
Guadeloupe	GLP	2016			5.781015		
South Korea	KOR	2011	35388.977	49169880		81.2	5.643442
Malaysia	MYS	2020	25830.973	33199988		75.9	5.3843
South Korea	KOR	2012	36049.195	49634188	0.8764121		
Malaysia	MYS	2021	26333.156	33573872		74.9	5.7113
South Korea	KOR	2013	37021.133	50098228	0.7026197		
South Korea	KOR	2014	37967.477	50558044		82.4	5.984
South Korea	KOR	2015	38828.742	50994396		82.6	5.835
South Korea	KOR	2016	39814.66	51309984		82.9	5.838
South Korea	KOR	2017	40957.418	51511640		83.3	5.8749
South Korea	KOR	2018	41965.89	51676900		83.3	5.8947
South Korea	KOR	2019	42758.59	51803832		83.7	5.8724
South Korea	KOR	2020	42396.76	51844688		83.6	5.8455
South Korea	KOR	2021	44232.207	51830136		83.7	5.9351
Burundi	BDI	2011	807.665	9455737		57.8	3.67756
Burundi	BDI	2012	814.3208	9795479	5.1043954		
Burundi	BDI	2013	824.61053	10149583	5.123366		
Burundi	BDI	2014	831.29486	10494920		59.9	2.905
Burundi	BDI	2015	781.5793	10727153		60.2	2.905
Burundi	BDI	2016	764.3366	10903329		60.8	2.905
Burundi	BDI	2017	750.7876	11155592		61.6	2.9045
Burundi	BDI	2018	740.44824	11493476		61.7	3.7753
Burundi	BDI	2019	729.65845	11874838		62.4	3.7753
Ukraine	UKR	2011	12933.356	45516136		71.4	5.089082
Ukraine	UKR	2012	12985.087	45406228	5.144669		
Ukraine	UKR	2014	12385.813	45148072		72.6	4.681
Ukraine	UKR	2015	11216.118	44982568		73.5	4.324
Ukraine	UKR	2016	11536.316	44833568		74.3	4.096
Ukraine	UKR	2017	11860.561	44657260		74.7	4.1029
Ukraine	UKR	2018	12336.927	44446952		74.4	4.3322
Ukraine	UKR	2019	12804.955	44211100		74.5	4.5607
Anguilla	AIA	2011			0		
Anguilla	AIA	2012			37.160908		
Anguilla	AIA	2013			7.29927		
Anguilla	AIA	2014			28.327608		
Burundi	BDI	2020	711.3553	12220229		61.6	3.7753
Benin	BEN	2011	2633.939	9726385		58.5	3.492997
Ukraine	UKR	2020	12407.79	43909664		72.6	4.8748
Benin	BEN	2014	2883.8992	10614845		59.1	3.34
Ukraine	UKR	2021	12943.614	43531424		71.6	5.0841
Benin	BEN	2015	2849.8206	10932791		59.4	3.484
Benin	BEN	2016	2859.3916	11260091		59.5	3.657
Benin	BEN	2017	2933.8374	11596786		59.9	4.1414
Benin	BEN	2018	3040.1675	11940688		60.1	4.8832
Benin	BEN	2019	3156.439	12290443		60.5	5.216
Kazakhstan	KAZ	2011	21970.084	16864920		68.7	5.594488
Kazakhstan	KAZ	2012	22702.578	17102868	7.402269		
Kazakhstan	KAZ	2013	23720.816	17345734	6.45692		
Kazakhstan	KAZ	2014	24355.756	17592296		70.3	5.855
Kazakhstan	KAZ	2015	24290.418	17835908		70.7	5.919
Kazakhstan	KAZ	2016	24210.863	18078558		70.9	5.819
Kazakhstan	KAZ	2017	24862.967	18314822		71.4	5.7901
Kazakhstan	KAZ	2018	25544.346	18538100		71.5	5.8088
Kazakhstan	KAZ	2019	26351.805	18754260		71.6	6.0579
Benin	BEN	2020	3186.478	12643121		60.1	5.0452
Benin	BEN	2021	3321.5522	12996901		59.8	4.6232
Aruba	ABW	2011	34446.855	101304	1.9745675		
Aruba	ABW	2012	33815.11	102126	3.9172864		
Aruba	ABW	2013	35720.7	102891	5.8320374		
Aruba	ABW	2014	35467.234	103607	1.9306138		
Kazakhstan	KAZ	2020	25361.508	18979250		70	6.1518
Kazakhstan	KAZ	2021	26110.53	19196468		69.4	6.2341
Gambia	GMB	2018	2012.5908	2444916		63	4.5163
Gambia	GMB	2019	2083.309	2508882		63.8	4.7506
Georgia	GEO	2011	10541.472	3821667		72.4	3.892324
Georgia	GEO	2014	12254.6455	3774232		73.1	4.297
Brunei	BRN	2011	68037.52	401515	0.24906228		
Georgia	GEO	2015	12605.14	3771135		73.3	4.252
Brunei	BRN	2012	67792.76	406637	0.98368555		
Georgia	GEO	2016	12963.744	3771112		73.6	4.286
Brunei	BRN	2013	65534.684	411704	0.48578766		
Georgia	GEO	2017	13589.707	3771904		73.6	4.3405
Georgia	GEO	2018	14253.409	3772323		73.3	4.5191
Georgia	GEO	2019	14989.258	3770814		73.5	4.6726
Gambia	GMB	2020	2042.6202	2574005		62.6	5.051
Gambia	GMB	2021	2076.5664	2639922		62.1	5.1636
Grenada	GRD	2011	12493.164	114933	3.4807427		
Grenada	GRD	2012	12242.953	115930	12.078076		
Grenada	GRD	2013	12420.148	116954	5.130639		
Grenada	GRD	2014	13215.913	117986	6.7812414		
Grenada	GRD	2015	13948.467	118994	5.0428853		
South Sudan	SSD	2012			14.053967		
Grenada	GRD	2016	14351.286	119973	9.169265		
Djibouti	DJI	2011		4.956731		60.4	
Grenada	GRD	2017	14869.982	120934	9.923876		
South Sudan	SSD	2015		3.832		55.6	
Grenada	GRD	2018	15401.727	121853	9.849144		
South Sudan	SSD	2016		3.591		55.5	
Grenada	GRD	2019	15393.791	122737	13.037437		
South Sudan	SSD	2017		3.2542		55.3	
Djibouti	DJI	2014	3854.27	989091		61.6	4.369
South Sudan	SSD	2018		2.8526		55.9	
South Sudan	SSD	2019		2.8166		55.9	
Thailand	THA	2011	14199.279	68712848		76.4	5.80368
Thailand	THA	2014	15509.181	69960944		77.4	6.455
Georgia	GEO	2020	13966.326	3765912		72.8	4.8914
Thailand	THA	2015	15919.37	70294408		77.7	6.474
Georgia	GEO	2021	15486.659	3757984		71.7	4.9732
Thailand	THA	2016	16393.314	70607032		78	6.424
Thailand	THA	2017	17008.04	70898208		78.4	6.0723
Thailand	THA	2018	17669.045	71127808		78.7	6.008
Thailand	THA	2019	18003.672	71307768		79	5.9988
United States Virgin Islands	VIR	2011			42.66232		
United States Virgin Islands	VIR	2012			49.631107		
Grenada	GRD	2020	13175.423	123672	11.321091		
Grenada	GRD	2021	13688.256	124624	4.012519		
Liechtenstein	LIE	2011			0		
Liechtenstein	LIE	2012			0		
Liechtenstein	LIE	2013			0		
Liechtenstein	LIE	2014			2.695672		
Liechtenstein	LIE	2015			0		
Liechtenstein	LIE	2016			0		
Liechtenstein	LIE	2017			2.6393232		
Liechtenstein	LIE	2018			2.6191037		
Liechtenstein	LIE	2019			2.5986176		
Thailand	THA	2020	16848.584	71475664		79.3	5.9847
Thailand	THA	2021	17077.043	71601104		78.7	5.8912
Jordan	JOR	2011	11885.238	7109980		74.2	5.706185
Jordan	JOR	2012	12001.99	7211866	2.2324328		
Jordan	JOR	2013	11542.293	7694818	1.8713902		
Jordan	JOR	2014	10605.35	8658030		74.8	5.192
Jordan	JOR	2015	9912.713	9494250		75	5.303
Jordan	JOR	2016	9633.101	9964659		75.2	5.336
Jordan	JOR	2017	9629.103	10215384		75.5	5.1607
Jordan	JOR	2018	9584.507	10459864		75.8	4.9057
Jordan	JOR	2019	9551.165	10698682		76	4.6334
Liechtenstein	LIE	2020			2.5802457		
Liechtenstein	LIE	2021			5.1230164		
Andorra	AND	2011			1.4170829		
Andorra	AND	2012			0		
Andorra	AND	2013			0		
Andorra	AND	2014			0		
Andorra	AND	2015			0		
Jordan	JOR	2020	9203.376	10928723		75.2	4.3946
Jordan	JOR	2021	9223.147	11148288		74.3	4.1521
Greenland	GRL	2011			1.7765933		
Greenland	GRL	2012			14.235255		
Greenland	GRL	2013			12.4801655		
Greenland	GRL	2014			7.148921		
Greenland	GRL	2015			7.156339		
Greenland	GRL	2016			5.3651905		
Senegal	SEN	2011	2790.8975	12875878		65.3	4.414183
Senegal	SEN	2014	2910.2888	13970314		66.5	3.904
Andorra	AND	2020			2.5740025		
Senegal	SEN	2015	3012.3833	14356191		66.9	4.219
Senegal	SEN	2016	3118.4236	14751356		67.5	4.535
Saint Vincent and the Grenadines	VCT	2016	13356.81	105971	37.749203		
Senegal	SEN	2017	3259.1926	15157793		67.8	4.6311
Saint Vincent and the Grenadines	VCT	2017	13633.048	105568	36.949837		
Senegal	SEN	2018	3368.8586	15574910		68.1	4.6811
Saint Vincent and the Grenadines	VCT	2018	14084.938	105297	32.294678		
Senegal	SEN	2019	3430.484	16000783		68.5	4.9808
Saint Vincent and the Grenadines	VCT	2019	14189.96	104940	18.10843		
Tunisia	TUN	2011	10134.997	11032529		75.5	5.140657
Tunisia	TUN	2012	10428.271	11174384	2.9710813		
Tunisia	TUN	2014	10766.497	11428953		75.6	4.739
Tunisia	TUN	2015	10749.49	11557779		75.7	5.045
Pakistan	PAK	2011	4082.4495	198602736		64.6	5.1487
Tunisia	TUN	2016	10750.714	11685666		75.8	4.805
Pakistan	PAK	2012	4150.3257	202205856	6.847477		
Tunisia	TUN	2017	10874.947	11811441		75.8	4.5924
Pakistan	PAK	2013	4266.7114	205337552	6.78736		
Tunisia	TUN	2018	11042.961	11933040		76	4.4606
Bahamas	BHS	2011	34468.887	377956	33.60233		
Pakistan	PAK	2014	4403.673	208251632		65.3	5.194
Tunisia	TUN	2019	11100.82	12049319		76	4.3922
Bahamas	BHS	2012	35150.562	382073	28.791214		
Pakistan	PAK	2015	4552.6055	210969296		65.7	5.132
Bahamas	BHS	2013	33826.34	385660	30.856995		
Pakistan	PAK	2016	4746.718	213524848		65.9	5.269
Bahamas	BHS	2014	34143.03	389137	31.35191		
Pakistan	PAK	2017	4891.7197	216379648		66.3	5.4725
Bahamas	BHS	2015	34170.23	392707	37.178745		
Pakistan	PAK	2018	5113.434	219731488		66.5	5.653
Bahamas	BHS	2016	33596.637	395986	28.031967		
Pakistan	PAK	2019	5157.5464	223293280		66.8	5.6933
Bahamas	BHS	2017	34357.27	399027	30.57491		
Bahamas	BHS	2018	34735.125	401911	22.642082		
Bahamas	BHS	2019	35161.832	404563	23.482475		
Senegal	SEN	2020	3383.8884	16436120		68	5.1318
Saint Vincent and the Grenadines	VCT	2020	13473.595	104644	31.538958		
Senegal	SEN	2021	3495.4036	16876726		67.1	5.0461
Afghanistan	AFG	2011	1961.0963	29249156		61.4	4.25835
Saint Vincent and the Grenadines	VCT	2021	13695.039	104340	30.671318		
Congo	COG	2011	4925.377	4584223		62	3.819792
Afghanistan	AFG	2012	2122.8308	30466484	6.393913		
Afghanistan	AFG	2014	2144.4497	32716214		62.5	3.575
Congo	COG	2014	5319.387	4944865		63	3.989
Afghanistan	AFG	2015	2108.714	33753500		62.7	3.36
Congo	COG	2015	5009.432	5064390		63.2	4.236
Afghanistan	AFG	2016	2101.422	34636212		63.1	3.794
Congo	COG	2016	4363.754	5186830		63.6	4.291
Afghanistan	AFG	2017	2096.093	35643420		63	3.6315
Congo	COG	2017	4073.926	5312347		63.8	4.5587
Afghanistan	AFG	2018	2060.699	36686788		63.1	3.2033
Congo	COG	2018	3786.412	5441061		64.1	4.8115
Afghanistan	AFG	2019	2079.9219	37769496		63.6	2.5669
Tunisia	TUN	2020	10050.046	12161720		75.3	4.5965
Congo	COG	2019	3695.0618	5570736		62.7	5.1944
Tunisia	TUN	2021	10397.944	12262949		73.8	4.516
Pakistan	PAK	2020	5004.352	227196736		66.3	4.934
Pakistan	PAK	2021	5232.1426	231402112		66.1	4.5158
Bahamas	BHS	2020	26659.238	406478	17.959438		
Bahamas	BHS	2021	30210.162	407920	29.173424		
Afghanistan	AFG	2020	1968.341	38972236		62.6	2.5229
Congo	COG	2020	3384.6543	5702183		63.8	5.3417
Afghanistan	AFG	2021	1516.3057	40099460		62	2.4038
Congo	COG	2021	3234.393	5835814		63.5	5.0752
Lithuania	LTU	2011	25968.584	3099800		73.9	5.588069
Lithuania	LTU	2012	27330.896	3063340	6.5941076		
Lithuania	LTU	2013	28589.027	3028191	6.5385604		
Lithuania	LTU	2014	29855.832	2994928		74.8	5.833
Lithuania	LTU	2015	30748.197	2963764		74.6	5.813
Lithuania	LTU	2016	31925.803	2933676		74.9	5.902
Lithuania	LTU	2017	33761.87	2904452		75.4	5.9519
Libya	LBY	2011	16356.362	6188135		70.1	5.177599
Lithuania	LTU	2018	35446.707	2876128		75.7	6.149
Lithuania	LTU	2019	37184.453	2849083		76.2	6.2155
Libya	LBY	2014	19569.9	6097767		71.5	5.754
Libya	LBY	2015	19108.943	6192241		71.7	5.615
Libya	LBY	2016	18554.48	6282202		71.8	5.525
Libya	LBY	2017	24212.91	6378267		72.5	5.5657
Libya	LBY	2018	25734.168	6477791		72.8	5.5253
Libya	LBY	2019	22535.445	6569085		72.5	5.4888
Somalia	SOM	2015	1029.6992	13763909		54.9	5.44
Somalia	SOM	2016	1076.1984	14292848		55	5.151
Somalia	SOM	2017	1059.1439	14864224		55.7	4.9815
Somalia	SOM	2018	1098.4928	15411101		56.4	4.6679
Lithuania	LTU	2020	37166.41	2820269		75.1	6.2554
Lithuania	LTU	2021	39305.613	2786652		73.7	6.4456
Libya	LBY	2020	16924.15	6653946		72.5	5.4103
Libya	LBY	2021	21965.174	6735280		71.9	5.3302
French Guiana	GUF	2018			13.000024		
French Guiana	GUF	2019			13.300023		
Ireland	IRL	2011	53712.285	4544504		80.6	7.284488
Ireland	IRL	2012	53482.2	4564550	1.1392142		
Ireland	IRL	2013	53800.207	4588830	1.1113939		
Ireland	IRL	2014	58027.84	4622165		81.3	6.94
Ireland	IRL	2015	71490.805	4665764		81.4	6.907
Ireland	IRL	2016	72106.8	4715791		81.5	6.977
Ireland	IRL	2017	77749.2	4771860		81.9	6.9771
Ireland	IRL	2018	83340.39	4834506		82.1	7.0211
Ireland	IRL	2019	86681.27	4896021		82.3	7.0937
French Guiana	GUF	2020			13.300023		
Ireland	IRL	2020	91099.75	4946123		82.5	7.0853
Ireland	IRL	2021	102496.22	4986525		82	7.0408
Barbados	BRB	2011	15864.572	275501	9.800843		
Barbados	BRB	2012	15755.267	276207	7.965315		
Barbados	BRB	2013	15489.761	276873	8.668485		
Barbados	BRB	2014	15441.22	277501	9.009236		
Barbados	BRB	2015	15789.451	278095	11.147751		
Barbados	BRB	2016	16156.518	278660	7.8952374		
Ethiopia	ETH	2011	1336.0669	91817936		60.7	4.064207
Barbados	BRB	2017	16198.962	279199	10.745486		
Barbados	BRB	2018	16003.857	279702	10.011137		
Ethiopia	ETH	2012	1411.136	94451280	8.631964		
Barbados	BRB	2019	15954.803	280193	17.131874		
Samoa	WSM	2013	5659.8516	199952	3.0009153		
Ethiopia	ETH	2014	1629.1891	99746768		62.9	4.512
Ethiopia	ETH	2015	1750.6727	102471896		63.6	4.508
Ethiopia	ETH	2016	1864.4877	105293232		64.4	4.46
Ethiopia	ETH	2017	1987.9688	108197944		64.8	4.3502
Samoa	WSM	2017	6238.796	207642	3.3713899		
Ethiopia	ETH	2018	2067.4565	111129440		65.4	4.2858
Samoa	WSM	2018	6139.523	209715	6.1993027		
Ethiopia	ETH	2019	2181.659	114120592		65.8	4.1862
Nepal	NPL	2011	2763.8289	27266398		67.3	4.474119
Nepal	NPL	2012	2886.0974	27330696	2.3490074		
Nepal	NPL	2013	2982.287	27381558	2.2131686		
Nepal	NPL	2014	3152.2932	27462110		68.1	4.514
Barbados	BRB	2020	13805.777	280704	14.606706		
Nepal	NPL	2015	3260.035	27610328		67.5	4.793
Barbados	BRB	2021	13754.803	281204	11.379821		
Nepal	NPL	2016	3244.6743	27861186		68.8	4.962
Nepal	NPL	2017	3495.5288	28183424		68.9	4.8804
Nepal	NPL	2018	3719.3079	28506718		69	4.9127
Nepal	NPL	2019	3922.0813	28832500		69.6	5.1372
Ethiopia	ETH	2020	2253.2358	117190920		65.4	4.2747
Ethiopia	ETH	2021	2319.0684	120283024		65	4.2415
Azerbaijan	AZE	2011	13913.837	9359018		70	4.581938
Turkey	TUR	2011	21716.266	74173856		74.9	5.233999
Azerbaijan	AZE	2012	14027.469	9485577	2.129549		
Turkey	TUR	2012	22422.537	75277440	4.2721963		
Azerbaijan	AZE	2013	14651.694	9614478	2.2986166		
Azerbaijan	AZE	2014	14867.943	9741879		71.1	5.212
Turkey	TUR	2014	24600.518	78112064		76.6	5.332
Azerbaijan	AZE	2015	14852.611	9863485		71.5	5.291
Turkey	TUR	2015	25594.66	79646176		76.6	5.389
Azerbaijan	AZE	2016	14232.192	9976254		72	5.234
Turkey	TUR	2016	25996.967	81019400		76.7	5.5
Azerbaijan	AZE	2017	14121.407	10071569		72.2	5.2006
Turkey	TUR	2017	27582.832	82089824		77.1	5.4825
Azerbaijan	AZE	2018	14209.593	10152524		72.8	5.2077
Turkey	TUR	2018	28157.979	82809304		77.6	5.3726
Azerbaijan	AZE	2019	14442.041	10232761		73.1	5.1648
Turkey	TUR	2019	28150.059	83481688		77.8	5.1318
Nepal	NPL	2020	3761.8027	29348626		69.2	5.2689
Nepal	NPL	2021	3831.9485	30034988		68.4	5.3765
Azerbaijan	AZE	2020	13726.77	10284952		66.9	5.1708
Turkey	TUR	2020	28473.205	84135432		75.8	4.9476
Azerbaijan	AZE	2021	14431.661	10312992		69.4	5.1734
Turkey	TUR	2021	31466.56	84775408		76	4.7442
Central African Republic	CAF	2011	1160.4148	4732037		49.9	3.567892
Central African Republic	CAF	2014	765.2596	4798739		50.6	3.678
Central African Republic	CAF	2016	818.396	4904182		53.5	2.693
Central African Republic	CAF	2017	839.60004	4996741		53.7	3.083
Central African Republic	CAF	2018	854.64746	5094795		54.4	3.083
Central African Republic	CAF	2019	861.7668	5209329		55	3.4759
Angola	AGO	2011	7664.44	24259120		57.6	4.17838
Angola	AGO	2012	8012.101	25188298	4.8316097		
Angola	AGO	2014	8183.678	27128340		60	4.033
Angola	AGO	2015	7967.104	28127724		60.7	3.866
Angola	AGO	2016	7488.1387	29154742		61.1	3.795
Angola	AGO	2017	7216.0615	30208634		61.7	3.7948
Bahrain	BHR	2011	46564.71	1212086		78.9	5.567952
Bahrain	BHR	2012	47793.53	1224948	0.7347302		
Bahrain	BHR	2013	48915.53	1261683	0.87185824		
Bahrain	BHR	2014	49117.99	1311142		79.3	5.96
Bahrain	BHR	2015	48453.727	1362157		79.4	6.218
Bahrain	BHR	2016	48486.305	1409668		79.6	6.087
Bahrain	BHR	2017	48929.445	1456844		79.7	6.1051
Bahrain	BHR	2018	48937.66	1487346		79.9	6.1994
Bahrain	BHR	2019	49768.977	1494195		80	6.2273
East Timor	TLS	2015	3228.675	1205822	4.063648		
Bahrain	BHR	2020	47847.84	1477478		79.2	6.6469
Bahrain	BHR	2021	49387.418	1463266		78.8	6.6469
Iraq	IRQ	2011	8493.082	32378066		67.7	4.881612
Iraq	IRQ	2012	9251.982	33864452	7.9641047		
Iraq	IRQ	2013	9503.875	35481804	9.410459		
Iraq	IRQ	2014	9194.864	36746484		68.9	4.677
Iraq	IRQ	2015	9371.214	37757812		69.4	4.575
Iraq	IRQ	2016	10404.204	38697940		69	4.497
Costa Rica	CRI	2011	17186.45	4679927		79.3	7.251115
Iraq	IRQ	2017	9976.8545	39621156		70.4	4.4556
Costa Rica	CRI	2012	17809.941	4736593	8.592673		
Iraq	IRQ	2018	9995.05	40590700		71.5	4.4372
Costa Rica	CRI	2013	18044.945	4791541	8.577627		
Iraq	IRQ	2019	10299.316	41563524		71.6	4.7848
Costa Rica	CRI	2014	18480.652	4844293		78.8	7.226
Costa Rica	CRI	2015	18956.191	4895241		79.1	7.087
Costa Rica	CRI	2016	19553.6	4945205		79.5	7.079
Costa Rica	CRI	2017	20168.22	4993849		79.4	7.0717
Costa Rica	CRI	2018	20503.277	5040738		79.5	7.1674
Costa Rica	CRI	2019	20818.062	5084527		79.4	7.1214
Iraq	IRQ	2020	8919.798	42556988		69.1	4.8541
Iraq	IRQ	2021	8962.395	43533592		70.4	4.9409
Costa Rica	CRI	2020	19824.348	5123107		79.3	7.0694
Costa Rica	CRI	2021	21199.281	5153959		77	6.582
Mozambique	MOZ	2011	1092.7732	23760424		54.9	4.692764
Mozambique	MOZ	2014	1228.6569	26038704		57.3	4.971
Mozambique	MOZ	2016	1279.9205	27696500		59	4.55
Mozambique	MOZ	2017	1287.2349	28569448		59.8	4.4166
Mozambique	MOZ	2018	1292.8977	29423882		60.5	4.4662
Mozambique	MOZ	2019	1285.1848	30285602		61.2	4.6236
Finland	FIN	2011	46825.824	5388173		80.4	7.579009
Finland	FIN	2012	45952.246	5413865	1.6439292		
Finland	FIN	2013	45328.574	5438873	1.6363689		
Finland	FIN	2014	44976.777	5461436		81	7.406
Finland	FIN	2015	45072.59	5479457		81.4	7.413
Finland	FIN	2016	46206.79	5495217		81.3	7.469
Finland	FIN	2017	47570.133	5508146		81.5	7.6321
Finland	FIN	2018	48048.523	5515465		81.6	7.7689
Finland	FIN	2019	48583.434	5521539		81.9	7.8087
Mozambique	MOZ	2020	1232.9856	31178242		61.2	4.7945
Mozambique	MOZ	2021	1226.767	32077074		59.3	5.0483
Finland	FIN	2020	47443.902	5529468		81.9	7.8421
Finland	FIN	2021	48753.355	5535982		82	7.821
Cape Verde	CPV	2013	5993.119	539949	10.001111		
Cape Verde	CPV	2014	5961.996	546083	11.903105		
Cape Verde	CPV	2015	5955.607	552169	8.330828		
Cape Verde	CPV	2016	6166.314	558399	11.103261		
Cape Verde	CPV	2017	6320.3423	564959	6.7262115		
Cape Verde	CPV	2018	6534.4604	571209	5.4271564		
Cape Verde	CPV	2019	6835.0786	577037	5.718935		
Gabon	GAB	2014	14785.398	1966858		65	3.896
Gabon	GAB	2015	14892.036	2028524		65.5	4.121
Gabon	GAB	2016	14783.078	2086210		65.8	4.465
Gabon	GAB	2017	14478.13	2140225		66.2	4.7583
Gabon	GAB	2018	14254.462	2192013		66.3	4.7992
Gabon	GAB	2019	14478.002	2242788		66.6	4.8293
Cape Verde	CPV	2020	5768.5386	582646	6.1787724		
Gabon	GAB	2020	13903.289	2292583		66.5	4.8518
Gabon	GAB	2021	13813.723	2341185		65.8	4.9583
North Macedonia	MKD	2011	13809.965	2097110		75.2	4.369255
North Macedonia	MKD	2012	13730.258	2099486	1.3812957		
North Macedonia	MKD	2013	14111.445	2102220	1.046515		
North Macedonia	MKD	2014	14599.242	2105293		75.9	5.007
North Macedonia	MKD	2015	15141.992	2107965		76	5.121
North Macedonia	MKD	2016	15556.255	2110194		76	5.175
North Macedonia	MKD	2017	15709.287	2111982		76.5	5.1848
North Macedonia	MKD	2018	16148.459	2113497		77.3	5.2736
North Macedonia	MKD	2019	16776.076	2114175		77.3	5.1598
Germany	DEU	2011	49757.926	81423384		80.4	6.572111
Germany	DEU	2012	49872.45	81545568	0.8081371		
Germany	DEU	2013	49954.17	81680592	0.8349597		
Germany	DEU	2014	50845.527	81858824		80.9	6.75
Germany	DEU	2015	51159.297	82073232		80.6	6.994
Germany	DEU	2016	51879.67	82331432		80.8	6.951
Germany	DEU	2017	53071.457	82624368		80.9	6.9647
Germany	DEU	2018	53431.395	82896696		81.2	6.985
Germany	DEU	2019	53874.316	83148144		81.6	7.0758
North Macedonia	MKD	2020	15782.548	2111078		75.2	5.1012
North Macedonia	MKD	2021	16467.316	2103329		73.8	5.199
Germany	DEU	2020	51840.33	83328992		81.1	7.1545
Germany	DEU	2021	53179.656	83408560		80.6	7.0341
Chad	TCD	2011	1682.6577	12317729		50	3.919401
Oman	OMN	2011	37745.453	3206883	1.0602238		
Sri Lanka	LKA	2011	10190.35	20859746		73.4	4.25961
Chad	TCD	2014	1861.6929	13697128		51.2	3.667
Oman	OMN	2012	37270.586	3535585	1.1030726		
Sri Lanka	LKA	2012	11055.634	21017150	3.2164214		
Chad	TCD	2015	1853.2594	14140277		51.6	3.763
Oman	OMN	2013	36330.48	3816688	2.5414758		
Sri Lanka	LKA	2013	11414.167	21131762	2.9292407		
Chad	TCD	2016	1683.4781	14592587		52.1	3.936
Oman	OMN	2014	35032.258	4009272		77.4	6.853
Sri Lanka	LKA	2014	12029.375	21239448		74.7	4.271
Chad	TCD	2017	1579.7606	15085893		52.3	4.3006
Oman	OMN	2015	35188.023	4191784	0.38169974		
Sri Lanka	LKA	2015	12420.553	21336692		74.9	4.415
Chad	TCD	2018	1563.544	15604213		52.8	4.3495
Oman	OMN	2016	35229.953	4398080	0.36379594		
Sri Lanka	LKA	2016	12904.854	21425494		75.3	4.44
Chad	TCD	2019	1561.9967	16126868		53.3	4.4227
Oman	OMN	2017	34218.387	4541853	0.3742965		
Sri Lanka	LKA	2017	13584.193	21506816		75.4	4.4706
World	OWID_WRL	2011	14230.719	7073125376	6.1522136		
Oman	OMN	2018	34212.105	4601160	0.28253767		
Sri Lanka	LKA	2018	13753.055	21580712		75.7	4.3659
World	OWID_WRL	2012	14504.989	7161697792	6.177419		
Oman	OMN	2019	33814.113	4602769	0.49969932		
Sri Lanka	LKA	2019	13639.021	21649664		76	4.327
World	OWID_WRL	2013	14789.622	7250593280	6.083612		
World	OWID_WRL	2014	15112.653	7339013632	6.075776		
World	OWID_WRL	2015	15433.18	7426597376	5.9162917		
Kyrgyzstan	KGZ	2011	4334.6606	5552339		68.6	4.828298
World	OWID_WRL	2016	15750.084	7513474048	5.961374		
World	OWID_WRL	2017	16156.354	7599822336	5.930093		
World	OWID_WRL	2018	16558.998	7683789824	5.7590094		
Kyrgyzstan	KGZ	2014	4722.086	5814426		69.9	5.286
World	OWID_WRL	2019	16847.46	7764951040	5.555708		
Kyrgyzstan	KGZ	2015	4805.141	5914985		70	5.185
Kyrgyzstan	KGZ	2016	4912.3823	6018303		70.3	5.004
Kyrgyzstan	KGZ	2017	5046.6914	6121266		70.6	5.1308
Kyrgyzstan	KGZ	2018	5133.152	6223503		70.7	5.2607
Kyrgyzstan	KGZ	2019	5258.3667	6323643		71.2	5.5415
Chad	TCD	2020	1489.1868	16644707		52.8	4.3554
Chad	TCD	2021	1425.4945	17179744		52.5	4.2508
Oman	OMN	2020	33098.21	4543406	0.30813938		
Sri Lanka	LKA	2020	13095.761	21715076		76.4	4.325
Oman	OMN	2021	34294.766	4520474	0.24333748		
Sri Lanka	LKA	2021	13386.682	21773438		76.4	4.3622
World	OWID_WRL	2020	16175.776	7840952832	5.5101085		
World	OWID_WRL	2021	16997.135	7909295104	5.791921		
Kyrgyzstan	KGZ	2020	4726.197	6424880		69.6	5.7436
Kyrgyzstan	KGZ	2021	4814.9565	6527742		70	5.8285
Bosnia and Herzegovina	BIH	2011	10934.089	3743143		77	4.857435
Bosnia and Herzegovina	BIH	2012	11047.185	3674376	1.7145778		
Bosnia and Herzegovina	BIH	2013	11484.3545	3617564	1.2715758		
Bosnia and Herzegovina	BIH	2014	11768.1045	3571070		75.7	4.949
Bosnia and Herzegovina	BIH	2015	12292.545	3524328		76.2	5.163
Bosnia and Herzegovina	BIH	2016	12837.599	3480985		76.8	5.182
Bosnia and Herzegovina	BIH	2017	13402.434	3440025		76.9	5.1294
Belarus	BLR	2011	18274.021	9706983		71.5	5.566307
Bosnia and Herzegovina	BIH	2018	14066.845	3400132		77.1	5.3865
Belarus	BLR	2012	18611.455	9693754	3.5074148		
Bosnia and Herzegovina	BIH	2019	14634.738	3360718		77.2	5.6741
Belarus	BLR	2013	18805.432	9691143	3.4361296		
Belarus	BLR	2014	19119.346	9693741		73.6	5.813
Belarus	BLR	2015	18362.746	9700609		74	5.802
Belarus	BLR	2016	17883.127	9708111		74.3	5.569
Belarus	BLR	2017	18356.102	9707874		74.5	5.4833
Belarus	BLR	2018	18974.7	9695573		74.6	5.3225
Belarus	BLR	2019	19279.209	9673971		74.2	5.5399
Mongolia	MNG	2011	8685.78	2743946		67.4	4.562082
Mongolia	MNG	2012	9586.715	2792354	7.1266165		
Mongolia	MNG	2013	10504.814	2845160	7.3106775		
Mongolia	MNG	2014	11107.989	2902826		69	4.874
Mongolia	MNG	2015	11134.802	2964756		69.5	4.907
Mongolia	MNG	2016	11058.95	3029559		69.9	4.955
Mongolia	MNG	2017	11431.498	3096033		70.2	5.1246
Mongolia	MNG	2018	12052.294	3163994		71.2	5.2854
Mongolia	MNG	2019	12458.019	3232435		71.8	5.4562
Bosnia and Herzegovina	BIH	2020	14358.987	3318410		76.2	5.8131
Bosnia and Herzegovina	BIH	2021	15666.54	3270948		75.3	5.768
Belarus	BLR	2020	19225.574	9633745		72.5	5.5335
Belarus	BLR	2021	19751.203	9578172		72.4	5.8215
Mongolia	MNG	2020	11666.779	3294340		72.1	5.6772
Mongolia	MNG	2021	11668.431	3347782		71	5.7607
Botswana	BWA	2011	13250.251	2134043		60.5	4.580534
Botswana	BWA	2014	14665.272	2260383		62.6	4.332
Botswana	BWA	2015	13682.704	2305177		63.8	3.974
Uzbekistan	UZB	2011	5185.6846	29057456		69.6	5.224832
Botswana	BWA	2016	14373.52	2352419		65.5	3.766
Botswana	BWA	2017	14656.773	2401848		66.8	3.5898
Botswana	BWA	2018	14962.081	2451411		65.4	3.4884
Uzbekistan	UZB	2014	6075.1924	30446542		70.2	6.003
Botswana	BWA	2019	15117.995	2499705		65.5	3.4789
Uzbekistan	UZB	2015	6401.115	30949416		70.5	5.987
Uzbekistan	UZB	2016	6663.9497	31453576		70.8	5.971
Uzbekistan	UZB	2017	6840.71	31945680		71	6.0961
Uzbekistan	UZB	2018	7082.9253	32449578		71.1	6.1741
Uzbekistan	UZB	2019	7348.147	32976946		71.3	6.2576
Saudi Arabia	SAU	2011	44053.996	30150952		76.2	6.597326
Saudi Arabia	SAU	2014	46394.902	32125570		76.8	6.411
Saudi Arabia	SAU	2015	47379.355	32749838		76.9	6.379
Saudi Arabia	SAU	2016	47210.23	33416272		77.1	6.344
Saudi Arabia	SAU	2017	45795.51	34193120		77.2	6.3709
Saudi Arabia	SAU	2018	45840.84	35018132		77.2	6.3747
Saudi Arabia	SAU	2019	44954.992	35827364		77.3	6.4065
Tanzania	TZA	2011	2064.7107	46416032		61	3.800163
Tanzania	TZA	2012	2095.8745	47786136	8.563153		
Botswana	BWA	2020	13545.674	2546404		65.6	3.4665
Tanzania	TZA	2013	2171.4421	49253648	7.506044		
Tanzania	TZA	2014	2246.5608	50814552		63.9	3.781
Botswana	BWA	2021	14840.913	2588424		61.1	3.4711
Tanzania	TZA	2015	2306.6382	52542824		64.7	3.666
Tanzania	TZA	2016	2380.9314	54401804		65.4	3.349
Tanzania	TZA	2017	2458.3428	56267040		66	3.3035
Uzbekistan	UZB	2020	7344.22	33526662		70.3	6.1788
Tanzania	TZA	2018	2510.9663	58090444		66.5	3.2307
Uzbekistan	UZB	2021	7734.8325	34081452		70.9	6.0627
Tanzania	TZA	2019	2577.6658	59872584		67	3.4762
Saudi Arabia	SAU	2020	42891.688	35997108		76.2	6.494
Saudi Arabia	SAU	2021	44339.312	35950396		76.9	6.5228
Colombia	COL	2011	12578.016	45308896		75.3	6.202322
Colombia	COL	2012	12934.966	45782420	35.90898		
Tanzania	TZA	2020	2551.2063	61704520		66.4	3.6232
Tanzania	TZA	2021	2581.6997	63588332		66.2	3.7024
Colombia	COL	2013	13465.075	46237928	33.35357		
Colombia	COL	2014	13938.231	46677944		76	6.477
Armenia	ARM	2011	9551.158	2928984		73.3	4.473529
Colombia	COL	2015	14215.688	47119728		76.3	6.481
Armenia	ARM	2012	10289.976	2914428	2.2302885		
Colombia	COL	2016	14358.168	47625960		76.5	6.357
Armenia	ARM	2013	10677.304	2901386	2.1713772		
Colombia	COL	2017	14334.915	48351668		76.6	6.2601
Armenia	ARM	2014	11105.532	2889937		74.1	4.35
Colombia	COL	2018	14426.435	49276968		76.7	6.1248
Armenia	ARM	2015	11506.039	2878598		74.4	4.36
Colombia	COL	2019	14616.135	50187404		76.8	6.1634
Armenia	ARM	2016	11580.384	2865841		74.7	4.376
Armenia	ARM	2017	12509.64	2851929		74.9	4.3206
Armenia	ARM	2018	13231.431	2836563		75.1	4.5594
Armenia	ARM	2019	14317.553	2820604		75.4	4.6768
Colombia	COL	2020	13387.701	50930656		74.8	6.0124
Colombia	COL	2021	14648.592	51516560		72.8	5.7806
Armenia	ARM	2020	13357.697	2805610		72.2	5.2826
Armenia	ARM	2021	14193.117	2790971		72	5.3986
Vatican	VAT	2011			0		
Iceland	ISL	2011	48186.168	319308		82.2	6.888284
Vatican	VAT	2012			0		
Iceland	ISL	2012	48440.254	320988	0.3115464		
Vatican	VAT	2013			0		
Iceland	ISL	2013	50168.688	324036	0.30861863		
Vatican	VAT	2014			0		
Iceland	ISL	2014	50450.742	327650		82.6	7.561
Vatican	VAT	2015			0		
Iceland	ISL	2015	52142.934	331068		82.4	7.501
Iceland	ISL	2016	54665.766	335677		82	7.504
Iceland	ISL	2017	55638.492	343641		82.5	7.4952
Iceland	ISL	2018	56816.363	352951		82.8	7.4936
Vatican	VAT	2019			0		
Iceland	ISL	2019	56923.17	360787		82.4	7.5045
Vatican	VAT	2020			0		
Iceland	ISL	2020	52174.574	366682		82.6	7.5539
Vatican	VAT	2021			0		
Iceland	ISL	2021	53586.156	370338		82.7	7.5575
El Salvador	SLV	2011	7665.948	6137354		71.9	5.955841
El Salvador	SLV	2012	7851.7017	6161293	42.10158		
Cayman Islands	CYM	2013	67537.55	58232	8.589294		
El Salvador	SLV	2013	7995.633	6185641	40.62634		
Cayman Islands	CYM	2014	67762.36	59580	8.394966		
El Salvador	SLV	2014	8100.975	6209528		71.7	6.13
El Salvador	SLV	2015	8266.723	6231072		71.8	6.068
El Salvador	SLV	2016	8450.251	6250513		72	6.003
Cayman Islands	CYM	2017	69534.77	63601	4.718391		
El Salvador	SLV	2017	8617.922	6266661		72.3	6.1668
Cayman Islands	CYM	2018	71046.02	64904	10.788484		
El Salvador	SLV	2018	8812.201	6276340		72.6	6.2531
Cayman Islands	CYM	2019	72402.836	66152	3.024163		
El Salvador	SLV	2019	9021.426	6280222		72.6	6.3483
Lesotho	LSO	2014	2574.2964	2095251		50	4.898
Lesotho	LSO	2016	2688.1345	2143876		52.3	3.808
Lesotho	LSO	2017	2571.694	2170622		53.1	3.8082
Lesotho	LSO	2018	2541.4526	2198030		53.7	3.8019
Kuwait	KWT	2011	61356.938	3143827		78.5	6.574075
Lesotho	LSO	2019	2533.1191	2225710		54.2	3.6528
Kuwait	KWT	2012	60588.156	3394668	1.7969383		
Kuwait	KWT	2014	55583.562	3761590		79.4	6.295
Kuwait	KWT	2015	53808.125	3908745		79.6	6.239
Kuwait	KWT	2016	53476.12	4048090		79.7	6.105
Kuwait	KWT	2017	50007.3	4124904		79.8	6.0834
Kuwait	KWT	2018	48943.008	4317190		79.7	6.0207
Kuwait	KWT	2019	47314.797	4441105		79.7	6.1021
Malta	MLT	2011	32930.297	423577		81.1	5.959978
Malta	MLT	2012	33979.656	429912	2.7913015		
Malta	MLT	2013	35339.695	437531	1.5999086		
Malta	MLT	2014	37285.24	446449		82.7	6.302
Cayman Islands	CYM	2020	67093.41	67327	4.456957		
El Salvador	SLV	2020	8267.251	6292734		71.1	6.0605
Malta	MLT	2015	39903.938	456585		83	6.488
El Salvador	SLV	2021	9086.047	6314165		70.7	6.12
Malta	MLT	2016	40319.73	467717		83.1	6.527
Peru	PER	2011	10539.982	29477722		74.1	5.25838
Malta	MLT	2017	43516.55	479507		83.6	6.6266
Peru	PER	2012	11084.874	29749592	6.615217		
Malta	MLT	2018	44615.605	491590		83.3	6.7256
Peru	PER	2013	11620.645	30038810	6.701331		
Malta	MLT	2019	45433.918	503646		83.2	6.7728
Peru	PER	2014	11773.944	30353956		75.3	5.824
Peru	PER	2015	12015.1875	30711864		75.6	5.743
Lesotho	LSO	2020	2292.1953	2254104		54.7	3.5118
Peru	PER	2016	12321.318	31132776		75.8	5.715
Portugal	PRT	2011	31304.816	10564820		80.5	5.327314
Lesotho	LSO	2021	2295.2322	2281464		53.1	3.5118
Peru	PER	2017	12442.746	31605488		75.9	5.6632
Portugal	PRT	2012	30156.701	10522085	1.1594659		
Peru	PER	2018	12696.236	32203946		76	5.6971
Portugal	PRT	2013	30042.89	10464537	1.3760765		
Peru	PER	2019	12735.168	32824864		76.2	5.7968
Portugal	PRT	2014	30444.6	10408379		81.2	5.102
Portugal	PRT	2015	31118.791	10365436		81.2	5.123
South Africa	ZAF	2011	13721.686	52443320		60.7	5.10052
Portugal	PRT	2016	31847.537	10332751		81.2	5.195
South Africa	ZAF	2012	13864.971	53145036	30.507084		
Portugal	PRT	2017	33044.715	10307528		81.5	5.4104
South Africa	ZAF	2013	14017.411	53873608	31.598028		
Kuwait	KWT	2020	43922.63	4360451		76.9	6.1061
Portugal	PRT	2018	34040.727	10289833		81.4	5.6925
South Africa	ZAF	2014	13993.2705	54729556		63.4	4.642
Portugal	PRT	2019	34945.66	10289921		81.7	5.9109
South Africa	ZAF	2015	13887.211	55876504		63.9	4.459
Kuwait	KWT	2021		6.1061		78.7	
South Africa	ZAF	2016	13844.276	56422272		64.7	4.829
South Africa	ZAF	2017	13950.453	56641208		65.4	4.724
South Africa	ZAF	2018	13990.314	57339632		65.7	4.7222
South Africa	ZAF	2019	13852.206	58087060		66.2	4.8141
Malta	MLT	2020	40740.97	515364		83.4	6.602
Malta	MLT	2021	44658.72	526751		83.8	6.4469
Peru	PER	2020	11176.919	33304768		73.7	5.8396
Peru	PER	2021	12514.651	33715464		72.4	5.5591
Montenegro	MNE	2011	17290.512	631801		76.1	5.146845
Ghana	GHA	2011	4128.56	26205940		61.7	4.704951
Montenegro	MNE	2012	16805.408	633053	2.6854098		
Ghana	GHA	2012	4402.546	26858760	2.0849807		
Montenegro	MNE	2013	17384.854	633951	1.5774226		
Portugal	PRT	2020	32011.324	10298186		81.1	5.929
Ghana	GHA	2013	4610.028	27525586	2.001773		
Montenegro	MNE	2014	17677.787	634301		76.7	5.192
Portugal	PRT	2021	33674.527	10290109		81	6.0163
Ghana	GHA	2014	4628.9014	28196356		63	4.633
Montenegro	MNE	2015	18266.879	633969		76.8	5.161
Ghana	GHA	2015	4616.6196	28870946		63.2	4.276
Montenegro	MNE	2016	18801.268	633264		76.7	5.237
Ghana	GHA	2016	4662.011	29554298		63.9	4.12
Montenegro	MNE	2017	19685.809	632445		76.9	5.3475
South Africa	ZAF	2020	12815.909	58801928		65.3	4.9564
Ghana	GHA	2017	4929.568	30222266		64	4.657
Montenegro	MNE	2018	20690.285	631459		77.2	5.5229
South Africa	ZAF	2021	13311.926	59392256		62.3	5.1939
Ghana	GHA	2018	5125.2495	30870648		64.1	4.9963
Montenegro	MNE	2019	21537.809	630403		77	5.5461
Ghana	GHA	2019	5345.9414	31522294		64.7	5.148
Zambia	ZMB	2011	3146.8445	14265824		57.8	4.704553
Zambia	ZMB	2012	3275.9683	14744662	6.002174		
Zambia	ZMB	2013	3330.877	15234976	5.6908526		
Zambia	ZMB	2014	3375.9412	15737796		60.7	5.129
Zambia	ZMB	2015	3365.3792	16248231		61.2	4.795
Zambia	ZMB	2016	3384.268	16767758		61.8	4.514
Zambia	ZMB	2017	3395.4797	17298056		62.1	4.3771
Zambia	ZMB	2018	3425.949	17835898		62.3	4.1066
Zambia	ZMB	2019	3372.359	18380478		62.8	3.7594
Dominica	DMA	2011	12309.862	68758	8.728289		
Montenegro	MNE	2020	18262.236	629058		76.3	5.5805
Dominica	DMA	2014	12516.384	69388	12.973721		
Ghana	GHA	2020	5263.5264	32180402		64.1	5.0884
Montenegro	MNE	2021	20602.5	627856		76.3	5.5468
Dominica	DMA	2015	12063.8955	70027	12.855949		
Ghana	GHA	2021	5435.238	32833036		63.8	4.872
Dominica	DMA	2016	12385.27	70098	22.83268		
Dominica	DMA	2017	11511.606	70422	26.987486		
Dominica	DMA	2018	11849.302	70840	18.35575		
Dominica	DMA	2019	12395.421	71446	18.200146		
Maldives	MDV	2011	17290.209	374450	0.8011954		
Zambia	ZMB	2020	3183.651	18927716		62.4	4.0734
Maldives	MDV	2012	17126.34	387552	2.580382		
Zambia	ZMB	2021	3236.789	19473132		61.2	3.7598
Maldives	MDV	2013	17768.61	400741	0.7486375		
Maldives	MDV	2015	18051.07	435590	0.9183116		
Maldives	MDV	2016	18406.268	454263	3.962554		
Maldives	MDV	2017	18973.568	472449	7.1966505		
Maldives	MDV	2019	20574.404	504518		80.1	5.1976
Dominica	DMA	2020	10255.761	72011	20.834925		
Dominica	DMA	2021	10878.037	72435	13.809771		
Niger	NER	2011	1010.32697	17283118		59	4.121817
Niger	NER	2012	1075.146	17954410	4.3888946		
Niger	NER	2014	1119.1372	19372012		60.8	3.845
Niger	NER	2015	1124.41	20128132		61.1	3.856
Niger	NER	2016	1143.8607	20921748		61.6	4.028
Niger	NER	2017	1155.9735	21737924		62.2	4.1655
Niger	NER	2018	1193.2656	22577060		62.5	4.6275
Niger	NER	2019	1217.446	23443400		62.9	4.9096
Maldives	MDV	2020	13419.335	514451		79.9	5.1976
Niger	NER	2020	1214.5465	24333644		61.5	5.0741
Niger	NER	2021	1186.5768	25252722		61.6	5.0035
Norway	NOR	2011	61157.13	4953565		81.2	7.524001
Norway	NOR	2012	61990.69	5019058	0.53794974		
Norway	NOR	2013	61878.977	5080667	0.90539265		
Norway	NOR	2014	62390.13	5137926		82.1	7.522
Norway	NOR	2015	62987.516	5190357		82.3	7.498
Norway	NOR	2016	63104.082	5236591		82.4	7.537
Norway	NOR	2017	64050.758	5277396		82.6	7.5937
Norway	NOR	2018	64341.258	5312321		82.8	7.5539
Norway	NOR	2019	64385.008	5348285		83	7.488
Bulgaria	BGR	2011	18664.834	7543128		74.2	3.889474
Bulgaria	BGR	2012	18914.984	7488347	1.8829263		
Bulgaria	BGR	2013	18914.525	7431169	1.4667951		
Bulgaria	BGR	2014	19206.262	7372142		74.5	4.218
Bulgaria	BGR	2015	19991.818	7309255		74.6	4.217
Bulgaria	BGR	2016	20744.523	7245982		74.8	4.714
Bulgaria	BGR	2017	21473.805	7182430		74.8	4.9331
Bulgaria	BGR	2018	22210.123	7117424		74.9	5.011
Madagascar	MDG	2011	1493.4425	22348158		63.5	4.309328
Bulgaria	BGR	2019	23270.225	7052536		75.1	5.1015
Madagascar	MDG	2014	1500.9106	24215980		64.3	3.681
Madagascar	MDG	2015	1508.3744	24850912		64.3	3.695
Madagascar	MDG	2016	1528.5618	25501944		65	3.644
Madagascar	MDG	2017	1548.1564	26169540		65.1	3.7736
Madagascar	MDG	2018	1557.3225	26846544		65.3	3.9327
Luxembourg	LUX	2011	112998.39	518207		80.8	7.050853
Madagascar	MDG	2019	1585.4717	27533134		65.9	4.1656
Luxembourg	LUX	2012	112137.13	530596	0		
Luxembourg	LUX	2013	113050.664	543068	0.18413985		
Luxembourg	LUX	2014	113313.58	556075		81.7	6.946
Luxembourg	LUX	2015	113182.73	569415		81.8	6.871
Norway	NOR	2020	63548	5379836		83.2	7.3925
Luxembourg	LUX	2016	116283.7	583355		82.1	6.863
Norway	NOR	2021	65662.17	5403021		83.2	7.3651
Luxembourg	LUX	2017	114985.84	596290		81.7	6.9099
Luxembourg	LUX	2018	114164.47	607920		81.8	7.0903
Luxembourg	LUX	2019	114542.5	619981		82.1	7.2375
Romania	ROU	2011	21446.771	20220286		74.4	5.178499
Romania	ROU	2012	21957.15	20137112	1.0527822		
Romania	ROU	2013	22098.33	20066550	1.0863853		
Romania	ROU	2014	23095.28	19995836		74.9	5.124
Romania	ROU	2015	23937.46	19906078		74.8	5.528
Romania	ROU	2016	24763.135	19797820		75.2	5.825
Romania	ROU	2017	26948.158	19698852		76	5.9452
Bulgaria	BGR	2020	22483.598	6979181		73.6	5.2655
Romania	ROU	2018	28741.227	19606778		76.2	6.0697
Bulgaria	BGR	2021	24398.13	6885864		71.8	5.3709
Romania	ROU	2019	30006.336	19524212		76.5	6.1237
Saint Martin (French part)	MAF	2011			22.008253		
Saint Martin (French part)	MAF	2012			5.551546		
Saint Martin (French part)	MAF	2013			22.447004		
Saint Martin (French part)	MAF	2014			22.688278		
Saint Martin (French part)	MAF	2015			17.133066		
Saint Martin (French part)	MAF	2016			28.726551		
Madagascar	MDG	2020	1436.2069	28225182		65.2	4.2085
Madagascar	MDG	2021	1463.6288	28915652		64.5	4.3391
Luxembourg	LUX	2020	111751.31	630401		81.4	7.3244
Luxembourg	LUX	2021	115683.49	639330		82.6	7.404
Romania	ROU	2020	29062.473	19442040		75.3	6.14
Romania	ROU	2021	30776.93	19328558		74.2	6.477
Togo	TGO	2011	1645.7479	6748675		57.9	3.007487
Democratic Republic of Congo	COD	2011	870.0738	68654272		57.1	3.983849
Togo	TGO	2014	1824.8356	7288381		58.9	2.839
Zimbabwe	ZWE	2011	2033.1814	13025789		53.3	3.978434
Togo	TGO	2015	1881.9052	7473232		59.4	3.303
Togo	TGO	2016	1937.7426	7661361		59.6	3.495
Zimbabwe	ZWE	2012	2310.8071	13265331	7.395217		
Democratic Republic of Congo	COD	2014	999.07214	76035592		58.3	4.517
Togo	TGO	2017	1972.6971	7852799		60.2	3.9985
Democratic Republic of Congo	COD	2015	1032.5719	78656904		58.5	4.272
Zimbabwe	ZWE	2014	2316.9546	13855758		58.8	4.61
Togo	TGO	2018	2020.9656	8046680		60.2	4.0849
Isle of Man	IMN	2011			1.1855435		
Democratic Republic of Congo	COD	2016	1021.3272	81430976		59.1	4.28
Zimbabwe	ZWE	2015	2313.8787	14154937		59.6	4.193
Togo	TGO	2019	2080.5242	8243093		60.9	4.1872
Isle of Man	IMN	2012			2.3714104		
Democratic Republic of Congo	COD	2017	1023.53986	84283272		59.4	4.2449
Zimbabwe	ZWE	2016	2286.6235	14452705		60.3	3.875
Isle of Man	IMN	2013			2.3768919		
Democratic Republic of Congo	COD	2018	1048.2465	87087352		59.9	4.4181
Zimbabwe	ZWE	2017	2331.7808	14751101		60.7	3.6923
Isle of Man	IMN	2014			3.5758557		
Democratic Republic of Congo	COD	2019	1059.8921	89906896		60.3	4.311
Isle of Man	IMN	2015			1.1962724		
Zimbabwe	ZWE	2018	2399.6216	15052191		61.4	3.6632
Isle of Man	IMN	2016			0		
Zimbabwe	ZWE	2019	2203.3967	15354606		61.3	3.2992
Togo	TGO	2020	2066.9707	8442583		61	4.1068
Togo	TGO	2021	2124.8042	8644829		61.6	4.1123
Zimbabwe	ZWE	2020	1990.3195	15669663		61.1	3.1448
Zimbabwe	ZWE	2021	2115.1445	15993525		59.3	2.9951
Czechia	CZE	2011	34002.19	10496379		77.8	6.35963
Czechia	CZE	2012	33688.1	10511065	0.9989473		
Czechia	CZE	2013	33661.47	10514547	0.85595655		
Croatia	HRV	2011	24654.197	4351838		77.2	5.622628
Czechia	CZE	2014	34386.703	10517178		78.8	6.505
Croatia	HRV	2012	24153.059	4331592	1.1773956		
Czechia	CZE	2015	36168.418	10523801		78.6	6.596
Croatia	HRV	2013	24124.064	4308854	1.0675694		
Czechia	CZE	2016	37014.96	10527584		79	6.609
Croatia	HRV	2014	24118.531	4283968		78	5.759
Czechia	CZE	2017	38824.887	10531315		79	6.7109
Croatia	HRV	2015	24931.486	4254821		77.6	5.488
Croatia	HRV	2016	25999.834	4223748		78.2	5.293
Czechia	CZE	2018	39941.285	10534598		79	6.8521
Czechia	CZE	2019	40989.727	10536876		79.2	6.9109
Croatia	HRV	2017	27211.824	4192468		78.1	5.3212
